datetime,tx_hash,from_address,to_address,value,value_usd,token_address
2024-08-06 07:52:47,0xee42fd908676b8b2fb5519b2f50347aef49965bb7a387e1680c9706ea38985d7,0x31ccd63c654c61446288546da9ead31b17b99db0,0xb13aa2d0345b0439b064f26b82d8dcf3f508775d,0.1,241.56311394312144,0xae7ab96520de3a18e5e111b5eaab095312d7fe84
2024-08-06 08:05:11,0x55c9db343cf500ed2f6fa6dde2fbdc665a133ab9d3a046546d6878c4c58cd44b,0x7f39c581f595b53c5cb19bd0b3f8da6c935e2ca0,0xb13aa2d0345b0439b064f26b82d8dcf3f508775d,0.05,120.78155697156072,0xae7ab96520de3a18e5e111b5eaab095312d7fe84
2024-08-09 10:34:59,0x96e9eeccbba394d50508797ecbc963b1a2c5a6e53bae40d858790da991a142b8,0xcdcbe87907218f51666a8ae2e7e729cf8f094a16,0xb13aa2d0345b0439b064f26b82d8dcf3f508775d,1.0,2685.012750687489,0xae7ab96520de3a18e5e111b5eaab095312d7fe84
2024-08-14 10:01:35,0x2f406f2a9f8a239501f27020f96ce8321111e918c98270cb23594efc13033988,0x7f39c581f595b53c5cb19bd0b3f8da6c935e2ca0,0xb13aa2d0345b0439b064f26b82d8dcf3f508775d,2.0106652087340224,5435.935048560454,0xae7ab96520de3a18e5e111b5eaab095312d7fe84
2024-08-14 12:59:47,0x6ea94fbb21aca0620ddf2acb85ab605ef150a9b1321797831689658b9fb1a5e5,0x7f39c581f595b53c5cb19bd0b3f8da6c935e2ca0,0xb13aa2d0345b0439b064f26b82d8dcf3f508775d,1.0054138354440532,2718.1871366039527,0xae7ab96520de3a18e5e111b5eaab095312d7fe84
2024-08-23 11:51:11,0x20c002327df79b6a54ecab1372b040e9e854a1635c5f2569f81b9705cf7359bc,0x9598cc880c19da62ee8d5e4f6ca24b6a8a571b33,0xb13aa2d0345b0439b064f26b82d8dcf3f508775d,1.569048082057432,4116.06684301156,0xae7ab96520de3a18e5e111b5eaab095312d7fe84
2024-09-08 13:18:23,0xd216bcf6841f29fe952c7dfc6ca837418407e69771df0931ace6c49b91d51de9,0x7f39c581f595b53c5cb19bd0b3f8da6c935e2ca0,0xb13aa2d0345b0439b064f26b82d8dcf3f508775d,14.521839861763809,33003.74602696555,0xae7ab96520de3a18e5e111b5eaab095312d7fe84
2024-09-09 14:16:47,0x53ba3a439f03aa91469a063ef924e73d9a55e9a6dddaa859ca5709ebb0edf67e,0x427bba37b4e6486b2de3b4678844edf1909ea56b,0xb13aa2d0345b0439b064f26b82d8dcf3f508775d,2000.0,4592805.9041529,0xae7ab96520de3a18e5e111b5eaab095312d7fe84
2024-09-25 08:17:59,0x5cb12687335e0a78f4ffdeb2a5efa85f485916e1f5d062a49fca9e1b5a2a32ab,0x7c40c2b14219ec5f8635f6f06426852005709bd4,0xb13aa2d0345b0439b064f26b82d8dcf3f508775d,1.0,2653.844345308008,0xae7ab96520de3a18e5e111b5eaab095312d7fe84
2024-10-05 11:10:11,0x58271f670b1764519d04ebca5fc0d71d5df8797991542d7d049e2f193a1f8375,0x673f06bb54fbb540e02d8bff5ff19c43d6b07c4e,0xb13aa2d0345b0439b064f26b82d8dcf3f508775d,49.80585168039493,120376.67963070207,0xae7ab96520de3a18e5e111b5eaab095312d7fe84
2024-10-12 04:03:11,0x004fe3eafc3938f65e0c9fc6c54f18fc59150cdb05539f54e1df8a13ca47a844,0x155df48ac561e361c18a76da5dfee193f782143e,0xb13aa2d0345b0439b064f26b82d8dcf3f508775d,0.1996402168940486,486.26642820329414,0xae7ab96520de3a18e5e111b5eaab095312d7fe84
2024-10-13 02:45:59,0x2b8fde3e594d8601dbc4ab1194f77d134c4c1866b8e2193d3abfbcc40342d286,0x7f39c581f595b53c5cb19bd0b3f8da6c935e2ca0,0xb13aa2d0345b0439b064f26b82d8dcf3f508775d,14.55717213165257,36067.03931778408,0xae7ab96520de3a18e5e111b5eaab095312d7fe84
2024-10-13 08:50:59,0xe146366c1b115b9c6e91a6671350abc93d23aad9c7b82234b96f0fd8a3d55e99,0x7f39c581f595b53c5cb19bd0b3f8da6c935e2ca0,0xb13aa2d0345b0439b064f26b82d8dcf3f508775d,111.00196856995832,275019.9234134927,0xae7ab96520de3a18e5e111b5eaab095312d7fe84
2024-10-13 17:11:59,0x85d78f957604a3c705b01e043f0f7f67c042cd339f0d7c2340ef8b9d675fd11a,0x7c40c2b14219ec5f8635f6f06426852005709bd4,0xb13aa2d0345b0439b064f26b82d8dcf3f508775d,1.342945973070536,3327.300438185877,0xae7ab96520de3a18e5e111b5eaab095312d7fe84
2024-10-15 19:21:35,0xcd92ad81cb0d11cf55535c860faf9f73ae0296324c5c964865d75bf57def8cbe,0x7f39c581f595b53c5cb19bd0b3f8da6c935e2ca0,0xb13aa2d0345b0439b064f26b82d8dcf3f508775d,246.68636650218735,648416.1938894542,0xae7ab96520de3a18e5e111b5eaab095312d7fe84
2024-10-15 21:42:11,0xba1c447ca887da44fd5cf11e1275145377dff7bb5235c122729920fc821c4216,0xa4fc1516a78bb510b41c18393d113a0a5e7387ab,0xb13aa2d0345b0439b064f26b82d8dcf3f508775d,21.99648694314115,57817.862190143336,0xae7ab96520de3a18e5e111b5eaab095312d7fe84
2024-10-18 18:52:35,0x7a1f967d3c68abd2ac0f9c2bdfe9bf3b3f5cd96490c0f1e8a10962319a74207f,0xa4fc1516a78bb510b41c18393d113a0a5e7387ab,0xb13aa2d0345b0439b064f26b82d8dcf3f508775d,200.0,520624.05846692226,0xae7ab96520de3a18e5e111b5eaab095312d7fe84
2024-10-23 02:42:59,0x45a319bb7088245cbcedcaa9657a711b3241635163e88587a6e4d8790bf253de,0xa3ea45d7776df1a721adda500b8ce2fede9a610b,0xb13aa2d0345b0439b064f26b82d8dcf3f508775d,1.3803143073438884,3615.823480625575,0xae7ab96520de3a18e5e111b5eaab095312d7fe84
2024-10-26 22:01:47,0x0c3257a7a9d08ffcab8ceafcdf72562c1d3224614daacbbd32a097523b13ea7c,0x7f39c581f595b53c5cb19bd0b3f8da6c935e2ca0,0xb13aa2d0345b0439b064f26b82d8dcf3f508775d,125.7506788120062,304579.8752665202,0xae7ab96520de3a18e5e111b5eaab095312d7fe84
2024-10-30 21:49:23,0x45d18e511fdcecbdade10868cacf016efabe2159e9127a8e2b335a497a81770b,0x7c40c2b14219ec5f8635f6f06426852005709bd4,0xb13aa2d0345b0439b064f26b82d8dcf3f508775d,2.2661387836926377,5979.518437831366,0xae7ab96520de3a18e5e111b5eaab095312d7fe84
2024-11-06 01:17:35,0x48d114ca12a73951fc821c442ac371d76cb9e1d055fd687a7331ebb002fc31e1,0x0c3216e76eb484d90e599dc4b9cf71ebf33aa7a5,0xb13aa2d0345b0439b064f26b82d8dcf3f508775d,73.91402740547801,179047.01020621601,0xae7ab96520de3a18e5e111b5eaab095312d7fe84
2024-11-06 15:48:35,0x413f07b040cd3dda0b2523b5fc52bafc1313ef246a3e42cd87b6d35954c64581,0x7f39c581f595b53c5cb19bd0b3f8da6c935e2ca0,0xb13aa2d0345b0439b064f26b82d8dcf3f508775d,1.392000399813414,3371.937892454466,0xae7ab96520de3a18e5e111b5eaab095312d7fe84
2024-11-08 21:45:47,0x7675ba0cf8b9c3c9bf6b1aa99943a84b5bc226b616232dc24b782bc3a6db3cc5,0x4bbf5b81883440b1edcaed585e737966dd1ce1f0,0xb13aa2d0345b0439b064f26b82d8dcf3f508775d,11.729932556960604,33957.82482909031,0xae7ab96520de3a18e5e111b5eaab095312d7fe84
2024-11-09 13:55:47,0x7706d0a17ea893a5eafc4b3ce953a0a5ac70b74e42b16d085ae1a4c2f6b9340b,0x7f39c581f595b53c5cb19bd0b3f8da6c935e2ca0,0xb13aa2d0345b0439b064f26b82d8dcf3f508775d,3170.1198474374473,9386595.961483056,0xae7ab96520de3a18e5e111b5eaab095312d7fe84
2024-11-22 11:24:23,0x5476994e364428174ccaf68233ade4731676a6df551aaeae4f45628ee89243e1,0x258eb785daf8930758499c62983544ae80c360c7,0xb13aa2d0345b0439b064f26b82d8dcf3f508775d,3.0794150274160845,10365.116891516016,0xae7ab96520de3a18e5e111b5eaab095312d7fe84
2024-12-02 20:01:59,0x66b373b8b7f16dfcac50e778c11d403d908d3e7aa7f9dd698cbef295e7dea38b,0x7f39c581f595b53c5cb19bd0b3f8da6c935e2ca0,0xb13aa2d0345b0439b064f26b82d8dcf3f508775d,1.1865650685372746,4400.741115425053,0xae7ab96520de3a18e5e111b5eaab095312d7fe84
2024-12-07 16:13:47,0xda028cb4e53c132fb9c89c279a2303b452ee29dd836fa553b15d9cc0a8fb3696,0x7f39c581f595b53c5cb19bd0b3f8da6c935e2ca0,0xb13aa2d0345b0439b064f26b82d8dcf3f508775d,11.870684100553383,47645.6751380412,0xae7ab96520de3a18e5e111b5eaab095312d7fe84
2024-12-10 12:13:59,0xac5c6a2b671703fa1dab8e59359312286e9421da2e3dd867765f4cfe09cd5eb7,0xd6b9bea478ebfa91cbf5ada4b5ce0c1b1f5c0981,0xb13aa2d0345b0439b064f26b82d8dcf3f508775d,0.19671,730.4459768750241,0xae7ab96520de3a18e5e111b5eaab095312d7fe84
2025-01-11 09:25:23,0xd163a9f60c955fd3678e88ef901f069e5d34aae1dcd89e1be8d02610be0295e9,0xbb33d4c75045c8674606e39953a99ff375a7cc03,0xb13aa2d0345b0439b064f26b82d8dcf3f508775d,0.05,163.45879977030336,0xae7ab96520de3a18e5e111b5eaab095312d7fe84
2025-02-11 11:05:11,0xf964cae331ce969b999de0bfb8a9f05441c231ea462bd12bd6f0ae959b582eb3,0x7f39c581f595b53c5cb19bd0b3f8da6c935e2ca0,0xb13aa2d0345b0439b064f26b82d8dcf3f508775d,0.4896323820509489,1302.5674589720306,0xae7ab96520de3a18e5e111b5eaab095312d7fe84
2025-02-13 04:14:35,0xa197e3599ec90ebd8ff3c3cbcea017172ed65e8b89edff3d0b1f1518cfa753a7,0x905b3a232ff03e8f69aa4f8478ce1812eced9fec,0xb13aa2d0345b0439b064f26b82d8dcf3f508775d,10.013468541891662,27399.556707378073,0xae7ab96520de3a18e5e111b5eaab095312d7fe84
2025-03-06 00:51:11,0x7077ab6150f94832a80b92f5e763d3e890f34ee3fe5005c386a8d52bb823e7ea,0xf9cca0b41063b611dd210250ec9754007e87de6f,0xb13aa2d0345b0439b064f26b82d8dcf3f508775d,2.3567084959772866,5282.288986377498,0xae7ab96520de3a18e5e111b5eaab095312d7fe84
2025-03-09 15:07:11,0x3083db37ec9d44a89345116d992400bb653c2496e4b0f8f2974f8396277efda9,0x46078d2da99f694ab73204d22b7480dcd572d9ef,0xb13aa2d0345b0439b064f26b82d8dcf3f508775d,0.5,1099.9997500402853,0xae7ab96520de3a18e5e111b5eaab095312d7fe84
2025-03-20 02:58:59,0x8601f2517118ee476003b8a2b625dcb0a499ee55888488123ffae03f4a4b9b75,0x7f39c581f595b53c5cb19bd0b3f8da6c935e2ca0,0xb13aa2d0345b0439b064f26b82d8dcf3f508775d,10.027777505424766,20664.527910577854,0xae7ab96520de3a18e5e111b5eaab095312d7fe84
2025-03-20 03:04:47,0x742c64538a63be7ec48c1a71a19d0f3aff9ce8517ed7ee8c30d6c9484afe0ec6,0x7f39c581f595b53c5cb19bd0b3f8da6c935e2ca0,0xb13aa2d0345b0439b064f26b82d8dcf3f508775d,46.18227453494065,95169.1339965391,0xae7ab96520de3a18e5e111b5eaab095312d7fe84
2025-03-20 03:09:47,0xa3de49effc4f23783b1361e49be73b596c2b6618dd73bd0002eba12b0b94d8b6,0x7f39c581f595b53c5cb19bd0b3f8da6c935e2ca0,0xb13aa2d0345b0439b064f26b82d8dcf3f508775d,5.013769029491849,10332.01723822416,0xae7ab96520de3a18e5e111b5eaab095312d7fe84
2025-03-30 01:49:11,0xc0e3e055382567930b656be16f9dcf8a1758954a87a38d88679ed10639745931,0x7f39c581f595b53c5cb19bd0b3f8da6c935e2ca0,0xb13aa2d0345b0439b064f26b82d8dcf3f508775d,1.204541866943675,2203.4377468950715,0xae7ab96520de3a18e5e111b5eaab095312d7fe84
2025-04-02 15:19:35,0xa2a1209c5b74eba8a3a65bdcbc1084a6a400085e8ff8f5f1017d19549ba7eea2,0x09a4824e48db563dcc6a18fe468d851554454def,0xb13aa2d0345b0439b064f26b82d8dcf3f508775d,1.0,1907.1671522994227,0xae7ab96520de3a18e5e111b5eaab095312d7fe84
2025-04-02 15:50:47,0x5cfdfb524272d19026de683469a53c545eb19e139f16209d73962dd8e078c902,0x7f39c581f595b53c5cb19bd0b3f8da6c935e2ca0,0xb13aa2d0345b0439b064f26b82d8dcf3f508775d,64.64133707664186,123281.83475328615,0xae7ab96520de3a18e5e111b5eaab095312d7fe84
2025-04-15 01:54:59,0xc3dbf2667da4c02d8fda03ff584d0d98eb3307165e0864ff4152f1790fec6c40,0x2c644c82343626ccae5ee4286b8542d22d7f41bc,0xb13aa2d0345b0439b064f26b82d8dcf3f508775d,1.0416070379543212,1689.010804880456,0xae7ab96520de3a18e5e111b5eaab095312d7fe84
2025-04-21 15:32:59,0x54e6da901f5e53aa655572243f75172491daa1e7e34fdaa620d6656622e8f505,0x09a4824e48db563dcc6a18fe468d851554454def,0xb13aa2d0345b0439b064f26b82d8dcf3f508775d,3.0,4756.380076033034,0xae7ab96520de3a18e5e111b5eaab095312d7fe84
2025-01-08 10:07:11,0xba21f00669b44ee8691ed820a57a024291fe4288a37353f60cd678c65cffecff,0xfd516ab73ad54eccbeb35b97070efe4cba6797ff,0xb13aa2d0345b0439b064f26b82d8dcf3f508775d,0.061798,208.87854556364454,0xc02aaa39b223fe8d0a0e5c4f27ead9083c756cc2
2025-02-13 06:10:11,0xb10c3a684ef8e411503a47d80724f6b74d2b9a0863f96ee6ae72297fb8995b81,0xee0ba180e9bd145d5c73517591f8a55db2961aea,0xb13aa2d0345b0439b064f26b82d8dcf3f508775d,0.2896384752843591,792.5291615978974,0xc02aaa39b223fe8d0a0e5c4f27ead9083c756cc2
2025-02-15 20:18:59,0x0eb5510ea2b1655981522d394dc0822c633237572390849ab7315812c11aaa4b,0xdfeb0bd73a906ab177ea91e5b3d570997ba00a6f,0xb13aa2d0345b0439b064f26b82d8dcf3f508775d,30.0,81740.09500762187,0xc02aaa39b223fe8d0a0e5c4f27ead9083c756cc2
2025-03-15 06:41:47,0x4e551cb8f72917c2ae6a2f444fe2a060845dddf229dd0b47450b5e38bbfa126b,0x7aff055125ccbaef1680ede264837e54cfcb1a36,0xb13aa2d0345b0439b064f26b82d8dcf3f508775d,0.059824908038974,114.30543391658924,0xc02aaa39b223fe8d0a0e5c4f27ead9083c756cc2
2024-08-06 07:59:23,0xb005a1ef9f8a3fe252f88dc70d2ac36474586198cfc9ce9cc3eae2fecd94b04f,0x31ccd63c654c61446288546da9ead31b17b99db0,0xb13aa2d0345b0439b064f26b82d8dcf3f508775d,0.05,120.78155697156072,0xEeeeeEeeeEeEeeEeEeEeeEEEeeeeEeeeeeeeEEeE
2024-08-06 11:46:11,0x6111f01a61cd77e5442ad2375c2e4d7481eda93c26883cb0aa7a2e94d81be65d,0x31ccd63c654c61446288546da9ead31b17b99db0,0xb13aa2d0345b0439b064f26b82d8dcf3f508775d,0.01,24.156311394312144,0xEeeeeEeeeEeEeeEeEeEeeEEEeeeeEeeeeeeeEEeE
2024-08-08 08:35:23,0xf1f8a85cd27b6ea15f9cb214b1cc79f49c260565ccbab17be8e0f8d61b017873,0x12d6bde93d051d093dc3042b383a37aaf96b5c94,0xb13aa2d0345b0439b064f26b82d8dcf3f508775d,0.24,561.9816830467797,0xEeeeeEeeeEeEeeEeEeEeeEEEeeeeEeeeeeeeEEeE
2024-08-12 22:39:23,0x6a51eaa1d6fd29a2ba3a95c0dfb919763e717ee744bb99c66f86496500998934,0x76c2c72abc9077349a9cf345d6fcde2f761ea146,0xb13aa2d0345b0439b064f26b82d8dcf3f508775d,0.275,703.6674894509524,0xEeeeeEeeeEeEeeEeEeEeeEEEeeeeEeeeeeeeEEeE
2024-08-16 07:58:11,0xbfce2b4fc2fcfaaa8f69be9776b0dc584bf7c181903b90f02761c018e9ae2a23,0x186824d85d16051da86c75665018368c55575a4d,0xb13aa2d0345b0439b064f26b82d8dcf3f508775d,0.95,2441.367457155131,0xEeeeeEeeeEeEeeEeEeEeeEEEeeeeEeeeeeeeEEeE
2024-08-19 07:53:47,0x448465279c2b1942af00a2da15c1b2ffdc8e04ab228ddc459d6511e3a6f3d5fd,0x844fa4379f3c92f79b32f92574ed3694c2b7b49c,0xb13aa2d0345b0439b064f26b82d8dcf3f508775d,0.05,130.7300640313186,0xEeeeeEeeeEeEeeEeEeEeeEEEeeeeEeeeeeeeEEeE
2024-08-19 09:47:11,0x494f3aba69c9bf99e82819e18e8773e2a7dc61fec9bbe48894555932d7da9a84,0x50642700da888928fed770f3370b006986bb0d7c,0xb13aa2d0345b0439b064f26b82d8dcf3f508775d,0.51,1333.4466531194496,0xEeeeeEeeeEeEeeEeEeEeeEEEeeeeEeeeeeeeEEeE
2024-08-23 13:05:35,0xcff69ede3a5ac6d65bb2f808d23e90ecf21b507310c65f94d16e3f8fa6ef08e1,0x64331b5a3286e55361f7a921acec82fbcbff7028,0xb13aa2d0345b0439b064f26b82d8dcf3f508775d,0.19,498.42494255926243,0xEeeeeEeeeEeEeeEeEeEeeEEEeeeeEeeeeeeeEEeE
2024-08-24 10:00:35,0x3335936b93c979652a4dcd49bf87e8559eaeebc4737deafa69be8e586fee8a87,0x9598cc880c19da62ee8d5e4f6ca24b6a8a571b33,0xb13aa2d0345b0439b064f26b82d8dcf3f508775d,0.64,1768.4834607130051,0xEeeeeEeeeEeEeeEeEeEeeEEEeeeeEeeeeeeeEEeE
2024-08-26 10:51:35,0x9426690980444c2e82d9320bed2db482ba5fa4f21f71a66e8a562d289c162177,0x50642700da888928fed770f3370b006986bb0d7c,0xb13aa2d0345b0439b064f26b82d8dcf3f508775d,0.34,933.3559883457704,0xEeeeeEeeeEeEeeEeEeEeeEEEeeeeEeeeeeeeEEeE
2024-08-28 06:26:35,0x87a47f7775f377bb91529bee41928e603c488aefc2f46dc0df472b49809d8add,0x9af999595a08210fcaa705f0491a800551f73388,0xb13aa2d0345b0439b064f26b82d8dcf3f508775d,100.0,245727.7351754743,0xEeeeeEeeeEeEeeEeEeEeeEEEeeeeEeeeeeeeEEeE
2024-08-28 18:47:35,0x55520b749593924b82f0f0fecc20d7c8db7694242b89d2f78a728b039251eee1,0x5e670e28c415714c85aa06f749c778d45e30508c,0xb13aa2d0345b0439b064f26b82d8dcf3f508775d,71.0,174466.69197458675,0xEeeeeEeeeEeEeeEeEeEeeEEEeeeeEeeeeeeeEEeE
2024-09-07 12:26:23,0x4d12735494b508906ebbdb1b4805103b44bf0b6b2c373e3f29225ce80cc1eafc,0xfb7286bc7dd04b859cbbda6fb4da62d9bd9ae7bb,0xb13aa2d0345b0439b064f26b82d8dcf3f508775d,9.8,21793.048198150314,0xEeeeeEeeeEeEeeEeEeEeeEEEeeeeEeeeeeeeEEeE
2024-09-07 13:13:35,0x96554543a8c33e6483475357a953282ec4014a339e8a94570ee7cca2b08ab980,0x35db49956659f961fccaa9c5ad1bc598afdd2166,0xb13aa2d0345b0439b064f26b82d8dcf3f508775d,0.3,667.1341285148054,0xEeeeeEeeeEeEeeEeEeEeeEEEeeeeEeeeeeeeEEeE
2024-09-07 15:42:35,0xdc6f284549ff5112ef19f8219627815b52c28d40c5741c6f5c97bd42c5cb06b0,0x83b27107441800e511daa32dcf4ad11d95c95298,0xb13aa2d0345b0439b064f26b82d8dcf3f508775d,0.05,111.18902141913425,0xEeeeeEeeeEeEeeEeEeEeeEEEeeeeEeeeeeeeEEeE
2024-09-14 04:25:23,0xdf372d1ff54bcc095403cb334814f146ce731710f63e7c1e1d60e5feda130c67,0xb142639507d8ed140d850dc2d522067126541ad4,0xb13aa2d0345b0439b064f26b82d8dcf3f508775d,35.6,87045.06908749774,0xEeeeeEeeeEeEeeEeEeEeeEEEeeeeEeeeeeeeEEeE
2024-09-15 01:09:59,0x7cd492c968fe046b5d209fc75a52a4830400447103e102a14d33b6449e648ebf,0xb142639507d8ed140d850dc2d522067126541ad4,0xb13aa2d0345b0439b064f26b82d8dcf3f508775d,178.5,431627.78128476127,0xEeeeeEeeeEeEeeEeEeEeeEEEeeeeEeeeeeeeEEeE
2024-09-15 02:21:23,0x962e3612093c48220fd53aabf21c385533b6d61745bf3f80df5deac114d875c8,0x94d3d916ebe0e34f4ccb2bbc68b893eda2850114,0xb13aa2d0345b0439b064f26b82d8dcf3f508775d,46.0,111231.80918262756,0xEeeeeEeeeEeEeeEeEeEeeEEEeeeeEeeeeeeeEEeE
2024-09-17 07:26:23,0xe1ef9997bfb40d1e4e3db1948e07f74ace528858dcb0138c0d35f77df4e22cb3,0xccfc046d217109bef733a009dfcbc6abd1f84231,0xb13aa2d0345b0439b064f26b82d8dcf3f508775d,2000.0,4590269.677308167,0xEeeeeEeeeEeEeeEeEeEeeEEEeeeeEeeeeeeeEEeE
2024-09-23 02:30:59,0x40f4de29e2567dc6c9ea67a921c9e80287c240b53c5f613ab0e682f0d7ffd313,0x0eabb1b24519103c9742f4792d93eb8b735fe2ef,0xb13aa2d0345b0439b064f26b82d8dcf3f508775d,1.0,2582.847683741262,0xEeeeeEeeeEeEeeEeEeEeeEEEeeeeEeeeeeeeEEeE
2024-09-24 13:59:47,0x618b3a181ef39fa33a0e0f85beb144f32cab6fae5a288ae5dd27857aec9caa30,0x822f325a390d6edfa233e66a3f782b0513783b44,0xb13aa2d0345b0439b064f26b82d8dcf3f508775d,19.2992,51104.149635994414,0xEeeeeEeeeEeEeeEeEeEeeEEEeeeeEeeeeeeeEEeE
2024-09-26 06:18:11,0x0314c1aa25ade828ef7f5049ce073fca809802a2a4fe07fb9ca4728fcdca36fd,0x646d48ae86287400a94b7cf9c605ed06a2880d99,0xb13aa2d0345b0439b064f26b82d8dcf3f508775d,0.78,2011.2817604595107,0xEeeeeEeeeEeEeeEeEeEeeEEEeeeeEeeeeeeeEEeE
2024-09-26 12:32:47,0xd811a27f8776abebab5872884bfa6b58aff60cc19fc2feff28b5adb162743cab,0x93614117cc5655873967783b184c93cd7ad74bb3,0xb13aa2d0345b0439b064f26b82d8dcf3f508775d,0.09,232.07097236071274,0xEeeeeEeeeEeEeeEeEeEeeEEEeeeeEeeeeeeeEEeE
2024-09-27 04:53:47,0x9ce14422865385d0961e0d869fdcdf03473202ccb9f33ab03689be90bb7709ab,0x76c2c72abc9077349a9cf345d6fcde2f761ea146,0xb13aa2d0345b0439b064f26b82d8dcf3f508775d,0.123,323.6068299520984,0xEeeeeEeeeEeEeeEeEeEeeEEEeeeeEeeeeeeeEEeE
2024-09-28 08:38:23,0xee5c6c35e8f9b90999f4a31d9376704f060ff7aa13bb7be099f6346419938008,0xbbb02830912e18d6663b03d5cc96264ca16095d9,0xb13aa2d0345b0439b064f26b82d8dcf3f508775d,0.075,202.36446159259523,0xEeeeeEeeeEeEeeEeEeEeeEEEeeeeEeeeeeeeEEeE
2024-10-04 07:23:35,0x28a9436d36d9d99a260b8c2346195627f005f8922ac7d363995d8e3936acb301,0x5916320a0fd4f2e56ec48e57ac7e60125bbcd7a6,0xb13aa2d0345b0439b064f26b82d8dcf3f508775d,3.87,9086.77871889874,0xEeeeeEeeeEeEeeEeEeEeeEEEeeeeEeeeeeeeEEeE
2024-10-06 15:32:11,0xa8a1262815d05d97c8130e9c73f8f29498f7d15eafeb03098beacca0f823ccb5,0xd126dd36d66f02c738395d94f5e10467c29a4c66,0xb13aa2d0345b0439b064f26b82d8dcf3f508775d,0.28,676.3130678484754,0xEeeeeEeeeEeEeeEeEeEeeEEEeeeeEeeeeeeeEEeE
2024-10-08 05:07:47,0x01f4ec79c337fd129dc8cb0d652e823b08a42a41ad7f017bea600cc6f6784e77,0xf08a4ced20984dcac122de4535161ebf390625ba,0xb13aa2d0345b0439b064f26b82d8dcf3f508775d,0.05,121.13753206477507,0xEeeeeEeeeEeEeeEeEeEeeEEEeeeeEeeeeeeeEEeE
2024-10-08 05:29:11,0x952f0c9a0c8cc2ba95a2ff9823b74f7f0ae273080be08134b4b318c8f29e48d0,0xf08a4ced20984dcac122de4535161ebf390625ba,0xb13aa2d0345b0439b064f26b82d8dcf3f508775d,0.05,121.13753206477507,0xEeeeeEeeeEeEeeEeEeEeeEEEeeeeEeeeeeeeEEeE
2024-10-08 06:17:59,0x075226397ab997c5c3e187941125ba6efbdde24140c8bcfa1b02e075b72c469d,0x645c77833833a6654f7edaa977ebeabc680a9109,0xb13aa2d0345b0439b064f26b82d8dcf3f508775d,0.5,1211.3753206477506,0xEeeeeEeeeEeEeeEeEeEeeEEEeeeeEeeeeeeeEEeE
2024-10-08 06:43:47,0xf97ffb25103ba777eb63093489a9cf5bfe852408e4ca634ba0c33a1f387272fe,0x646d48ae86287400a94b7cf9c605ed06a2880d99,0xb13aa2d0345b0439b064f26b82d8dcf3f508775d,0.42,1017.5552693441105,0xEeeeeEeeeEeEeeEeEeEeeEEEeeeeEeeeeeeeEEeE
2024-10-09 01:39:23,0xd5800c34f34585210755527d5453e9fabcef833df58dd45060553077766cc411,0x661b6f4267412ef999b54573caa45e3e2605521b,0xb13aa2d0345b0439b064f26b82d8dcf3f508775d,0.01,24.414651696200295,0xEeeeeEeeeEeEeeEeEeEeeEEEeeeeEeeeeeeeEEeE
2024-10-09 23:49:11,0x98eb50decc416774b5adcb915f44a320ae1debaea5f6c6de87e5ff3a66de39cb,0xa4fc1516a78bb510b41c18393d113a0a5e7387ab,0xb13aa2d0345b0439b064f26b82d8dcf3f508775d,200.0,488293.03392400587,0xEeeeeEeeeEeEeeEeEeEeeEEEeeeeEeeeeeeeEEeE
2024-10-10 09:09:35,0xc131757846ee95e897df4e8f5e045b22618d12b09f42e9392fedc3832343efc6,0x71b63f24b4c67471d9c212e390f1837bfb5245be,0xb13aa2d0345b0439b064f26b82d8dcf3f508775d,8.88,21024.42205948983,0xEeeeeEeeeEeEeeEeEeEeeEEEeeeeEeeeeeeeEEeE
2024-10-10 17:39:59,0x499c00099622d987219f3758bf8a1acc06d6941d90871087ac0445ab3b5ce1bd,0x585324487f227dd458e013e06e6e16f942b0a288,0xb13aa2d0345b0439b064f26b82d8dcf3f508775d,0.05,118.38075483946976,0xEeeeeEeeeEeEeeEeEeEeeEEEeeeeEeeeeeeeEEeE
2024-10-10 18:23:35,0xcf1eb63d498eb52e3931c30931a8c6d4e7369735c1ac978b496867e63ab903ca,0x585324487f227dd458e013e06e6e16f942b0a288,0xb13aa2d0345b0439b064f26b82d8dcf3f508775d,0.1,236.76150967893952,0xEeeeeEeeeEeEeeEeEeEeeEEEeeeeEeeeeeeeEEeE
2024-10-11 09:54:23,0x41d635402a9dfda8aaea780856b3124a8cd48ea30f48cb52f05dd3217c99fa96,0x9834a9917a8e8d03590ef7a8de7b22a82c5e693e,0xb13aa2d0345b0439b064f26b82d8dcf3f508775d,0.05,119.08908544007389,0xEeeeeEeeeEeEeeEeEeEeeEEEeeeeEeeeeeeeEEeE
2024-10-11 20:53:47,0xb10f43abf483881c9d1d09fb477958b97f3c57704b456e268d4ed00b220f1685,0xa4fc1516a78bb510b41c18393d113a0a5e7387ab,0xb13aa2d0345b0439b064f26b82d8dcf3f508775d,106.0,252468.86113295663,0xEeeeeEeeeEeEeeEeEeEeeEEEeeeeEeeeeeeeEEeE
2024-10-12 03:21:11,0xfe70bdda49c2d591f6959731b3085c77ebd25f40538e0c463633bba29cd800d2,0xa4fc1516a78bb510b41c18393d113a0a5e7387ab,0xb13aa2d0345b0439b064f26b82d8dcf3f508775d,154.0,375099.9227928592,0xEeeeeEeeeEeEeeEeEeEeeEEEeeeeEeeeeeeeEEeE
2024-10-12 21:27:59,0x08a7e9ea8da9575264ff684e6fda76716976d3aae1a1080bcb0a7480d0e0693d,0x0fb7b065205c10e81cc8944131953aaf347d6135,0xb13aa2d0345b0439b064f26b82d8dcf3f508775d,11.5,28010.708520245982,0xEeeeeEeeeEeEeeEeEeEeeEEEeeeeEeeeeeeeEEeE
2024-10-13 05:30:11,0x8cea1834ce24268e86bed45a328b68c36f74568e31f59d2c6a681607aa849d9e,0xa4fc1516a78bb510b41c18393d113a0a5e7387ab,0xb13aa2d0345b0439b064f26b82d8dcf3f508775d,60.0,148656.78165346934,0xEeeeeEeeeEeEeeEeEeEeeEEEeeeeEeeeeeeeEEeE
2024-10-13 11:23:11,0x1141f8c96bbb7baba85f2409f2169e50b1ba9b94b9e2a40d89b71c81edb05e10,0xb6edc56f6d0b5e4f6c9e712863cc9a37c2643f20,0xb13aa2d0345b0439b064f26b82d8dcf3f508775d,5.0,12388.065137789112,0xEeeeeEeeeEeEeeEeEeEeeEEEeeeeEeeeeeeeEEeE
2024-10-15 10:39:23,0xe7ac916eb003a5c66a75ad86085c66839e11c642a3b4ace3ee6e96bb1ea03885,0xb6edc56f6d0b5e4f6c9e712863cc9a37c2643f20,0xb13aa2d0345b0439b064f26b82d8dcf3f508775d,5.1048350933,13418.081382302711,0xEeeeeEeeeEeEeeEeEeEeeEEEeeeeEeeeeeeeEEeE
2024-10-20 08:46:23,0x56cd907588be6513dc0ec54db561dce419744379117a303cc19ef1b34c450636,0x9a3f63f053512597d486ca679ce5a0d13b98c8db,0xb13aa2d0345b0439b064f26b82d8dcf3f508775d,2.7005087522503164,7156.292264793443,0xEeeeeEeeeEeEeeEeEeEeeEEEeeeeEeeeeeeeEEeE
2024-10-27 05:52:47,0x7dab19e75df50c4c718e132823925ec49048ab125fd5cc5302d2f772200026a4,0xb54e978a34af50228a3564662db6005e9fb04f5a,0xb13aa2d0345b0439b064f26b82d8dcf3f508775d,0.05,123.96868016221659,0xEeeeeEeeeEeEeeEeEeEeeEEEeeeeEeeeeeeeEEeE
2024-10-27 05:56:35,0xe69319ffcd116e6dfc23c9189d45b2c89821cbd5b582e61eb2a0e00b65e86c2b,0xb54e978a34af50228a3564662db6005e9fb04f5a,0xb13aa2d0345b0439b064f26b82d8dcf3f508775d,0.05,123.96868016221659,0xEeeeeEeeeEeEeeEeEeEeeEEEeeeeEeeeeeeeEEeE
2024-10-27 13:19:23,0x5e211a4ce1acca03f92a347ff2cc0e29d4980832af4a2e35f6b9b4e3e99cbf40,0x427bba37b4e6486b2de3b4678844edf1909ea56b,0xb13aa2d0345b0439b064f26b82d8dcf3f508775d,800.0,1983498.8825954653,0xEeeeeEeeeEeEeeEeEeEeeEEEeeeeEeeeeeeeEEeE
2024-10-29 12:37:59,0x05a421fb36b17d4667ef873e2381b143015527acf28a3bfa8ca27f532b2fc628,0xe3477c73e4733d48306a955044e1faefc649c08f,0xb13aa2d0345b0439b064f26b82d8dcf3f508775d,2100.0,5386109.096924429,0xEeeeeEeeeEeEeeEeEeEeeEEEeeeeEeeeeeeeEEeE
2024-10-31 13:31:59,0x632eaf7ee2193d290a76bc673214208e079c480bcb455105cbd084668318d0d4,0xd810cbeb63fc4ae8d70c1045dc298044c172d045,0xb13aa2d0345b0439b064f26b82d8dcf3f508775d,0.1,265.76141818494386,0xEeeeeEeeeEeEeeEeEeEeeEEEeeeeEeeeeeeeEEeE
2024-10-31 15:29:47,0xdd537c656b79227d81f2eaaf3d795172e3352465db3c545a60556c6ace949de6,0x2f8a004b595c4522f3b66e158facd194663f005f,0xb13aa2d0345b0439b064f26b82d8dcf3f508775d,0.4,1063.0456727397755,0xEeeeeEeeeEeEeeEeEeEeeEEEeeeeEeeeeeeeEEeE
2024-10-31 15:58:11,0x604721c54cda4229dc58e0c9acf82e27e06ebf159f160fc0a237d81d8fcfaa26,0xbecd67861bf48d3760cc8cbc24550381024d3ad3,0xb13aa2d0345b0439b064f26b82d8dcf3f508775d,1500.0,3986421.2727741576,0xEeeeeEeeeEeEeeEeEeEeeEEEeeeeEeeeeeeeEEeE
2024-11-01 12:30:35,0xd2d9f44b468ed257696a6d016a881a8053afd206ad79e6e3ea993eb7c7c9abfb,0x9569d4b9fb3925862f74bd9610e917a21db3d9a8,0xb13aa2d0345b0439b064f26b82d8dcf3f508775d,23.0,57839.268106544674,0xEeeeeEeeeEeEeeEeEeEeeEEEeeeeEeeeeeeeEEeE
2024-11-01 18:06:47,0xf53aebcb0f8fac83c93cd3e0514e32b52324b3739fdfa6f0f0e29c479c0a8ec7,0x99858c5f2668a972419a4c6be3870f988cdc25ed,0xb13aa2d0345b0439b064f26b82d8dcf3f508775d,5.3,13328.179172377686,0xEeeeeEeeeEeEeeEeEeEeeEEEeeeeEeeeeeeeEEeE
2024-11-01 22:23:47,0x315709bafa92353985d2b3c2b2c6370a0f1cf1f50e3da2937039f6d2bd87c011,0x50be9b7e2354daef57f0e50afee7c1aee9916c10,0xb13aa2d0345b0439b064f26b82d8dcf3f508775d,0.1356435874711608,341.1098183773049,0xEeeeeEeeeEeEeeEeEeEeeEEEeeeeEeeeeeeeEEeE
2024-11-02 02:13:35,0xf53864cedeff36db5b88fa626540250c3e6564e3e2e9bdc25f3673502d25b7d2,0x579950dcb9d99a69d9bce8b70cbf014b40469bc1,0xb13aa2d0345b0439b064f26b82d8dcf3f508775d,300.0,754151.186118362,0xEeeeeEeeeEeEeeEeEeEeeEEEeeeeEeeeeeeeEEeE
2024-11-02 05:06:47,0x86a7e7009511b3f09afb4e8cb4fa03ade96409da6e21d7a34fa1c0bceeb50322,0x579950dcb9d99a69d9bce8b70cbf014b40469bc1,0xb13aa2d0345b0439b064f26b82d8dcf3f508775d,700.0,1759686.1009428445,0xEeeeeEeeeEeEeeEeEeEeeEEEeeeeEeeeeeeeEEeE
2024-11-02 11:46:35,0x2d8b4c0796c7758fb7197c59fd8e6bdf6694a3a9c08a273865a8ef04307ae753,0x427bba37b4e6486b2de3b4678844edf1909ea56b,0xb13aa2d0345b0439b064f26b82d8dcf3f508775d,4000.0,10055349.148244826,0xEeeeeEeeeEeEeeEeEeEeeEEEeeeeEeeeeeeeEEeE
2024-11-05 05:10:11,0x968b4ba7f16875fbcb6c8a44dbdbcea9b8934c81074cffddb874badb6c94ab2a,0x34e66050fce0e8c59ac3dfaf68cf4412a8c53ba8,0xb13aa2d0345b0439b064f26b82d8dcf3f508775d,10.8,25876.22991026343,0xEeeeeEeeeEeEeeEeEeEeeEEEeeeeEeeeeeeeEEeE
2024-11-05 22:15:47,0x3858b920691c292da6dfdae510800edbc2e1c16383ed9d92694b8b839d61d7e0,0x78dea3b66277b94b246b5f5898108a0476599158,0xb13aa2d0345b0439b064f26b82d8dcf3f508775d,30.65,73435.78210644204,0xEeeeeEeeeEeEeeEeEeEeeEEEeeeeEeeeeeeeEEeE
2024-11-06 06:51:23,0x090335733557d3e01138a2fceb0be128b8d4bf7c1cb960d68c044f16f190ca16,0x1301f427a698685c0e7d89b96b92a2e18c2da51f,0xb13aa2d0345b0439b064f26b82d8dcf3f508775d,30.0,72671.05439566926,0xEeeeeEeeeEeEeeEeEeEeeEEEeeeeEeeeeeeeEEeE
2024-11-06 07:14:23,0xaabe2ade5f9bbea07cda7c5fed5577fe9fa54834afe11a75ab12fe922e93fce4,0x3e4fac103aedd622a5fdec5c30f1782966bc0b16,0xb13aa2d0345b0439b064f26b82d8dcf3f508775d,2050.0,4965855.383704066,0xEeeeeEeeeEeEeeEeEeEeeEEEeeeeEeeeeeeeEEeE
2024-11-06 10:26:23,0x5f28f68eebb4a1f8d29975f13980993e09771cd6c5c4e94f6151b7292107f4f1,0x893ddfca9a4cd8b77045889369f1fbbf3cdcf526,0xb13aa2d0345b0439b064f26b82d8dcf3f508775d,2.1,5086.973807696848,0xEeeeeEeeeEeEeeEeEeEeeEEEeeeeEeeeeeeeEEeE
2024-11-06 22:44:23,0xc57b7ce003f842181b225433dca57683195de08c8962b0e0dffd49b9a8ab16d1,0xae0f77c239f72da36d4da20a4bbdaae4ca48e03f,0xb13aa2d0345b0439b064f26b82d8dcf3f508775d,25.0,60559.211996391045,0xEeeeeEeeeEeEeeEeEeEeeEEEeeeeEeeeeeeeEEeE
2024-11-08 14:01:59,0xbd2f61d9549c7a75464cbac5ee292aad592ca5feeba95cc0362396e24c8c5de1,0x7f8c83027552bba525f38d5477b0b09a983e2de3,0xb13aa2d0345b0439b064f26b82d8dcf3f508775d,1.91,5529.39627816313,0xEeeeeEeeeEeEeeEeEeEeeEEEeeeeEeeeeeeeEEeE
2024-11-10 12:08:23,0x469827eacfc79c9f2300e6a92bf89088205f02339576710ee3050309d2808d12,0x1301f427a698685c0e7d89b96b92a2e18c2da51f,0xb13aa2d0345b0439b064f26b82d8dcf3f508775d,105.0,328653.7300277696,0xEeeeeEeeeEeEeeEeEeEeeEEEeeeeEeeeeeeeEEeE
2024-11-10 16:58:59,0xcac93876a596cf92c062cace74a7cdffc0281737d56f6fefdcc925b48f2de8a5,0x52389e164444e68178abfa97d32908f00716a408,0xb13aa2d0345b0439b064f26b82d8dcf3f508775d,0.05,156.50177620369982,0xEeeeeEeeeEeEeeEeEeEeeEEEeeeeEeeeeeeeEEeE
2024-11-12 21:09:23,0x4208ed1f4249dadb9146dab3ab3647f4468866dc6bdf89c4483ae7a93a25b10a,0x83b27107441800e511daa32dcf4ad11d95c95298,0xb13aa2d0345b0439b064f26b82d8dcf3f508775d,1.8,6071.02467541742,0xEeeeeEeeeEeEeeEeEeEeeEEEeeeeEeeeeeeeEEeE
2024-11-15 19:54:59,0xd1dd58497b487d6b64526b08b9b37bd2d8fc41b7c078a8937dfe815ce2bea5c8,0xca0fab402858376fff5036bd7111003c421734ef,0xb13aa2d0345b0439b064f26b82d8dcf3f508775d,0.05,152.9906148466248,0xEeeeeEeeeEeEeeEeEeEeeEEEeeeeEeeeeeeeEEeE
2024-11-17 05:09:59,0xe6eefea156ec4173154c255e4e2198f7c6065b7eb0a19dc2941798b44deb0cd9,0x76c2c72abc9077349a9cf345d6fcde2f761ea146,0xb13aa2d0345b0439b064f26b82d8dcf3f508775d,0.275,861.8170614402641,0xEeeeeEeeeEeEeeEeEeEeeEEEeeeeEeeeeeeeEEeE
2024-11-17 09:40:11,0xc9e2cf097b842c049465b0e264e8a6ea91fe7b4cd533befbd66ddfe37b2ddb66,0xbbb02830912e18d6663b03d5cc96264ca16095d9,0xb13aa2d0345b0439b064f26b82d8dcf3f508775d,1.1,3447.2682457610563,0xEeeeeEeeeEeEeeEeEeEeeEEEeeeeEeeeeeeeEEeE
2024-11-28 05:15:23,0x64fb47b4415b3e0676fcf27f735000c1e40fd797945ad285f1437ac207f7d461,0x52389e164444e68178abfa97d32908f00716a408,0xb13aa2d0345b0439b064f26b82d8dcf3f508775d,0.05,183.30942452188782,0xEeeeeEeeeEeEeeEeEeEeeEEEeeeeEeeeeeeeEEeE
2024-12-04 03:38:59,0x27f874bcf1397148a303f0c6857a6e0683fb78b39746463fdec333357fdaf49c,0x21dbf0ef37b8d27c8b5c0df41008df29409accec,0xb13aa2d0345b0439b064f26b82d8dcf3f508775d,0.2,725.142091589944,0xEeeeeEeeeEeEeeEeEeEeeEEEeeeeEeeeeeeeEEeE
2024-12-05 06:48:11,0x6a3f4a9f1feaa88eafd40572da141855acce2948696ddf00ee3e9dc915d5f244,0x76c32585bf1081aab5a47387714f88f3dee4a911,0xb13aa2d0345b0439b064f26b82d8dcf3f508775d,0.12,460.7332152859045,0xEeeeeEeeeEeEeeEeEeEeeEEEeeeeEeeeeeeeEEeE
2024-12-06 06:03:23,0x7866bcaddc01617fc7a62d9b68fcb2a0368d71f18fbf8a6f8fe809002338d79e,0x5b392a7551cb912974c367906bd60892d1250ed6,0xb13aa2d0345b0439b064f26b82d8dcf3f508775d,0.05,189.84344335800643,0xEeeeeEeeeEeEeeEeEeEeeEEEeeeeEeeeeeeeEEeE
2024-12-06 06:42:47,0x435ca44becde94897d92c0288170b8a27ad3957d3775338f59fee30768e3490b,0xab0f227d0fd89d1a145de6ccb6423ad56da4533a,0xb13aa2d0345b0439b064f26b82d8dcf3f508775d,9.4,35690.5673513052,0xEeeeeEeeeEeEeeEeEeEeeEEEeeeeEeeeeeeeEEeE
2024-12-06 06:51:11,0x23065b257b612800f13180b814ce122995c4d74fbd561cb08a8f2e6f45e1b611,0xcba41664ecbb2a0300002506ef9a03419ff2eb20,0xb13aa2d0345b0439b064f26b82d8dcf3f508775d,31.266,118712.90200062856,0xEeeeeEeeeEeEeeEeEeEeeEEEeeeeEeeeeeeeEEeE
2024-12-08 04:20:23,0xfde8f8d2b6cde6f5b49e431eb2dd6e2bcba87d52c808af8d0f3d510da6f51d12,0x3e1da15c5985d0d1be30e48ee4cbdec763635f8a,0xb13aa2d0345b0439b064f26b82d8dcf3f508775d,0.5,2000.4960382510944,0xEeeeeEeeeEeEeeEeEeEeeEEEeeeeEeeeeeeeEEeE
2024-12-09 15:51:11,0xb9dae86639511f52123ab3e3512a9652a132e4b91af8bbe3536782e88f3143cd,0xd1c9a97c5687eaa1e22c89d7f38a568c99f30604,0xb13aa2d0345b0439b064f26b82d8dcf3f508775d,10.29040796,41324.03527691972,0xEeeeeEeeeEeEeeEeEeEeeEEEeeeeEeeeeeeeEEeE
2024-12-10 11:52:47,0x80b136508ff27cbcd6066f4fa0730bd1768570ba54895494d2cd16db73278a7d,0xd599b4840da7abb19a7bae8f70fba422eabf783c,0xb13aa2d0345b0439b064f26b82d8dcf3f508775d,0.05,185.66569489985875,0xEeeeeEeeeEeEeeEeEeEeeEEEeeeeEeeeeeeeEEeE
2024-12-11 11:56:59,0x2c27a373f36f4238e128c55151fd42168e2b028fdacdbe7aa88c559e77a54750,0xc64844d9b3db280a6e46c1431e2229cd62dd2d69,0xb13aa2d0345b0439b064f26b82d8dcf3f508775d,10.0,36265.88641777499,0xEeeeeEeeeEeEeeEeEeEeeEEEeeeeEeeeeeeeEEeE
2024-12-11 13:24:47,0xd1c1ddefa8af568365c6da61c237bd72f686c5de76d77dc81391e5d2b8b542cf,0xdf79a14fbcad457b23dad6aa0c1e59fe976e048f,0xb13aa2d0345b0439b064f26b82d8dcf3f508775d,0.5,1813.2943208887496,0xEeeeeEeeeEeEeeEeEeEeeEEEeeeeEeeeeeeeEEeE
2024-12-16 13:46:59,0xbb2faf82afbc36ea75adaffd17d926ceec58cd51c74e324fbd5e65eb45d57162,0x905669d2335b9d528275478b05b9e633dea833f8,0xb13aa2d0345b0439b064f26b82d8dcf3f508775d,14.39,57003.32955833352,0xEeeeeEeeeEeEeeEeEeEeeEEEeeeeEeeeeeeeEEeE
2024-12-21 03:40:47,0xd41592190addaaa10de7c149092f8f8aa9936f85a9d005452eba6986816287de,0x76c2c72abc9077349a9cf345d6fcde2f761ea146,0xb13aa2d0345b0439b064f26b82d8dcf3f508775d,0.1925,667.7168421108674,0xEeeeeEeeeEeEeeEeEeEeeEEEeeeeEeeeeeeeEEeE
2024-12-24 15:01:35,0xadcf7635999976e8b4da2a724f587d31c942dea2f42879b17481e4e4ae601a03,0x7919c8bed5c80cd2713527fde52ce9486bcca8e1,0xb13aa2d0345b0439b064f26b82d8dcf3f508775d,1.0,3414.6414419807993,0xEeeeeEeeeEeEeeEeEeEeeEEEeeeeEeeeeeeeEEeE
2024-12-24 16:06:23,0x0358b9194dd92033562f02f3c0b303871a0ca3e147cd06e1f58f9efaf637f100,0x7919c8bed5c80cd2713527fde52ce9486bcca8e1,0xb13aa2d0345b0439b064f26b82d8dcf3f508775d,1.0,3414.6414419807993,0xEeeeeEeeeEeEeeEeEeEeeEEEeeeeEeeeeeeeEEeE
2024-12-25 01:17:47,0xa85522d1f59d9623c6226afcc5ea3672864ec79d6bfe0c527e4347876fe4f801,0xbefaadd4a558637646a7f0697022e1f767c7b491,0xb13aa2d0345b0439b064f26b82d8dcf3f508775d,25.0,87438.88219818936,0xEeeeeEeeeEeEeeEeEeEeeEEEeeeeEeeeeeeeEEeE
2024-12-26 03:14:23,0xa4df49c130ce1ab5680d100c1ce990b40583f6341f3eafe05f9f84d47238585f,0xa53b49378334783540c23abf79c587320714423a,0xb13aa2d0345b0439b064f26b82d8dcf3f508775d,0.4,1397.804370945242,0xEeeeeEeeeEeEeeEeEeEeeEEEeeeeEeeeeeeeEEeE
2024-12-28 06:54:23,0xce32a18d8649cbffa6a09f41c8ef20aaf95c8d73de0026480becbc457bc22ed2,0xb176d3e27a3d0b29521279d7b66e690ac0456aa0,0xb13aa2d0345b0439b064f26b82d8dcf3f508775d,5.0,16643.055776545883,0xEeeeeEeeeEeEeeEeEeEeeEEEeeeeEeeeeeeeEEeE
2025-01-06 03:36:47,0x369aff0e69b204ab931a5fe2a77637b9ea802f7e17dbe732a03d025bc7c42549,0x1c2ab89520668daf6556c53294872c085da9da65,0xb13aa2d0345b0439b064f26b82d8dcf3f508775d,0.5,1817.9274980903544,0xEeeeeEeeeEeEeeEeEeEeeEEEeeeeEeeeeeeeEEeE
2025-01-06 14:15:47,0x223cbf8898393110c846971e9396d0c93c6b70f9c43e2f9421ec9192476b0ccf,0x0537c438badb781ee15815e49ca3e81831e8b5d2,0xb13aa2d0345b0439b064f26b82d8dcf3f508775d,4.0,14543.419984722836,0xEeeeeEeeeEeEeeEeEeEeeEEEeeeeEeeeeeeeEEeE
2025-01-12 16:58:47,0x6729260b72757aeea8fef498b2cbbed4a49295858ade68d7edf2172ca5d6878d,0xfd516ab73ad54eccbeb35b97070efe4cba6797ff,0xb13aa2d0345b0439b064f26b82d8dcf3f508775d,3.0,9850.77396848551,0xEeeeeEeeeEeEeeEeEeEeeEEEeeeeEeeeeeeeEEeE
2025-01-15 04:47:23,0x9bee974025267bb299f3c4fe41d9133ea226164b26eb19d1c97381e21dec9d53,0x8718c46d480bdc165ecd58592769df1888ec6955,0xb13aa2d0345b0439b064f26b82d8dcf3f508775d,0.1,322.4800648341414,0xEeeeeEeeeEeEeeEeEeEeeEEEeeeeEeeeeeeeEEeE
2025-01-23 05:23:47,0xcc94e2cedabf5246e51501dbfdd95dbc037a96e770eaeb85e6d7828b61e2a1a7,0xe7ed59ba7466d6dbf153cf69a78ad68dbac2b07b,0xb13aa2d0345b0439b064f26b82d8dcf3f508775d,0.1,323.72996671291435,0xEeeeeEeeeEeEeeEeEeEeeEEEeeeeEeeeeeeeEEeE
2025-01-26 05:53:35,0x1d885b238c719590611c9231eff7d63ebcbb90e68c31b741ebabd14002cfc8c6,0x911186b12e626936e1515d697e809894e89d4fbb,0xb13aa2d0345b0439b064f26b82d8dcf3f508775d,0.13,431.61708332326293,0xEeeeeEeeeEeEeeEeEeEeeEEEeeeeEeeeeeeeEEeE
2025-02-02 16:27:47,0x5ab134fe79b952abc660dd344f458633d80b59dbbbde0f7ee6939ca0870ff3d7,0x095c938780605911df64dc66342c3260989e68a9,0xb13aa2d0345b0439b064f26b82d8dcf3f508775d,0.3875,1210.9524885511858,0xEeeeeEeeeEeEeeEeEeEeeEEEeeeeEeeeeeeeEEeE
2025-02-15 14:47:23,0x9c1dab287083f6afee14bb9dfa52a651bec03cf6edcc18259cb1692930c0558f,0xe7ed59ba7466d6dbf153cf69a78ad68dbac2b07b,0xb13aa2d0345b0439b064f26b82d8dcf3f508775d,0.1,272.4669833587396,0xEeeeeEeeeEeEeeEeEeEeeEEEeeeeEeeeeeeeEEeE
2025-02-21 03:40:11,0xaa7a16a358dbb9f41e7d8a58df0b8db50635ac23105dcc6653defa3887263fe6,0x62a4a8f9f5f3aae9ee9cee780285a0d501c12d09,0xb13aa2d0345b0439b064f26b82d8dcf3f508775d,0.05,137.07966812997392,0xEeeeeEeeeEeEeeEeEeEeeEEEeeeeEeeeeeeeEEeE
2025-02-21 03:41:59,0x6ec0fc7404b37af765f7ff2c25a268a8e0b7aec55cf07f0fa95ef31e481efee2,0x62a4a8f9f5f3aae9ee9cee780285a0d501c12d09,0xb13aa2d0345b0439b064f26b82d8dcf3f508775d,0.05,137.07966812997392,0xEeeeeEeeeEeEeeEeEeEeeEEEeeeeEeeeeeeeEEeE
2025-03-02 16:53:47,0x9be4e9c07631afc3255ce1452c0d2fa008ec3f0d4dafaec29d6b56debca41c09,0x71600e282fa4f89cddb4a77d664e6dc4a44ad034,0xb13aa2d0345b0439b064f26b82d8dcf3f508775d,91.0,201367.0159862266,0xEeeeeEeeeEeEeeEeEeEeeEEEeeeeEeeeeeeeEEeE
2025-03-04 16:12:23,0xd7be90a3ff1ce7af7345a0b11068d187452d502b79a210071408f8263667dc87,0xa1158223b586a2383b4fc1896314c120f37b74ab,0xb13aa2d0345b0439b064f26b82d8dcf3f508775d,0.111,238.4501482151953,0xEeeeeEeeeEeEeeEeEeEeeEEEeeeeEeeeeeeeEEeE
2025-03-05 23:04:23,0xf62e34a1db1928e390c7b209934f647da424a4764cbde7087702843c8959526c,0xdb611d682cb1ad72fcbacd944a8a6e2606a6d158,0xb13aa2d0345b0439b064f26b82d8dcf3f508775d,0.5,1085.748471767508,0xEeeeeEeeeEeEeeEeEeEeeEEEeeeeEeeeeeeeEEeE
2025-03-08 08:53:47,0x317f4030214ad5a8f5a1b3caf2d06c6d43bfe2e1b77c8012712cb02bcd42fdd5,0xd4584924c48981d8c4cf0c9c1aed1a03eb36aa10,0xb13aa2d0345b0439b064f26b82d8dcf3f508775d,0.5,1070.3749044714457,0xEeeeeEeeeEeEeeEeEeEeeEEEeeeeEeeeeeeeEEeE
2025-03-21 22:57:11,0xc80b7a3622e214e3ec88e2db334dd9cff97475dcc86cdcf46ffc5022e025bc47,0xe94e59baa7ffc49d755277e35412ee2e785515e9,0xb13aa2d0345b0439b064f26b82d8dcf3f508775d,0.16,316.9330848839432,0xEeeeeEeeeEeEeeEeEeEeeEEEeeeeEeeeeeeeEEeE
2025-03-22 16:17:11,0x516e1be96ff3d66064372929e5e5f5219edcd8d39c894f947cc73c267e63e3b6,0x63aa48d65130d74d641c8b34edbea0819d44fcf3,0xb13aa2d0345b0439b064f26b82d8dcf3f508775d,0.05,98.22646916584148,0xEeeeeEeeeEeEeeEeEeEeeEEEeeeeEeeeeeeeEEeE
2025-03-24 04:30:11,0xb805e3f5eb8c302fade9904786bcc576c38feaf3a34ca44b2991d57462ccca5b,0x2a7697837471da846a593d332f513a96cf164102,0xb13aa2d0345b0439b064f26b82d8dcf3f508775d,0.135,270.14134811785044,0xEeeeeEeeeEeEeeEeEeEeeEEEeeeeEeeeeeeeEEeE
2025-03-31 04:39:59,0x45bf0b87995756283e5d9069305d690f7e77a4cfcca3036bafab3b15cf8e666f,0x50be9b7e2354daef57f0e50afee7c1aee9916c10,0xb13aa2d0345b0439b064f26b82d8dcf3f508775d,0.699459,1262.7598267685482,0xEeeeeEeeeEeEeeEeEeEeeEEEeeeeEeeeeeeeEEeE
2025-04-02 19:57:47,0xc0fc304cdeac4acce2816e6a4d4960931e30e49188f201d14cc37dd1344436af,0x9f127b66b1620d97de98746c27e245612e40285c,0xb13aa2d0345b0439b064f26b82d8dcf3f508775d,28.0,53400.68026438384,0xEeeeeEeeeEeEeeEeEeEeeEEEeeeeEeeeeeeeEEeE
2025-04-03 02:22:23,0xd38cd738096f66795f763f45ae1b86073b571747b1c2f48d04a447347ac70582,0xd4584924c48981d8c4cf0c9c1aed1a03eb36aa10,0xb13aa2d0345b0439b064f26b82d8dcf3f508775d,0.497911,894.129578777904,0xEeeeeEeeeEeEeeEeEeEeeEEEeeeeEeeeeeeeEEeE
2025-04-03 03:05:47,0x4057c3f8eb633300120adf75391adcc7616b27f11f08ac1b523fc72d9f41d1e9,0x184811f8c6946aa735c5fc12bc12d4f75c7aa44f,0xb13aa2d0345b0439b064f26b82d8dcf3f508775d,0.6,1077.4571103404874,0xEeeeeEeeeEeEeeEeEeEeeEEEeeeeEeeeeeeeEEeE
2025-04-03 03:26:59,0x3cf37fc06b37578007aa5588d282587ee8511eafe5899835c089269b46830cd2,0x184811f8c6946aa735c5fc12bc12d4f75c7aa44f,0xb13aa2d0345b0439b064f26b82d8dcf3f508775d,0.4,718.3047402269917,0xEeeeeEeeeEeEeeEeEeEeeEEEeeeeEeeeeeeeEEeE
2025-04-21 17:02:47,0x963bf911e9da244e3e3e767ce3086b322147e3c631ec4a28e74595b409f674d2,0x03249184e0174f755cd5f79863ce55f68b3a9847,0xb13aa2d0345b0439b064f26b82d8dcf3f508775d,0.055,87.20030139393896,0xEeeeeEeeeEeEeeEeEeEeeEEEeeeeEeeeeeeeEEeE
2025-04-21 18:40:23,0x8b095e1b65c4bcf29989c964dc5e2c90371c10be08b503b854a70ec38b273812,0x93614117cc5655873967783b184c93cd7ad74bb3,0xb13aa2d0345b0439b064f26b82d8dcf3f508775d,0.05,79.27300126721724,0xEeeeeEeeeEeEeeEeEeEeeEEEeeeeEeeeeeeeEEeE
2025-04-26 01:36:59,0xeeb2e06fdcde1968631b8de5807eeb5f6ce316a809a3e36047f3e8a94c30b232,0x790f46cd08906f6a8d1d4214b29bf458da448a75,0xb13aa2d0345b0439b064f26b82d8dcf3f508775d,0.05,89.43990902165629,0xEeeeeEeeeEeEeeEeEeEeeEEEeeeeEeeeeeeeEEeE
2025-04-27 05:10:35,0x6055181fc325c76c7850b628adbb5f3a73520e103e2ea1dcb1e175ef20c581bd,0x3deec019c305d7be2cf951e66733cf8d1e2aba25,0xb13aa2d0345b0439b064f26b82d8dcf3f508775d,0.1,182.12695303291392,0xEeeeeEeeeEeEeeEeEeEeeEEEeeeeEeeeeeeeEEeE
