datetime,Exchange_Rate_USDC_per_Share,Assets,Shares
2024-05-05 07:26:11,1.005676156910743,1000.0,994.35588
2024-05-05 08:15:59,1.0056821004684413,50000.0,49717.500169
2024-05-05 18:40:23,1.0057546704876117,28749.81938,28585.320281
2024-05-05 19:14:47,1.005758609208834,10000.0,9942.743625
2024-05-06 04:42:47,1.0058233132861343,294.0,292.297858
2024-05-06 16:50:35,1.0059062151475224,10001.467607,9942.743624
2024-05-07 17:30:11,1.0060326896567293,550.0,546.701917
2024-05-07 18:07:59,1.0060360367061947,100.214647,99.613377
2024-05-09 09:05:35,1.006243742421727,0.2,0.198759
2024-05-09 09:55:47,1.0062477490086996,221.249076,219.87535
2024-05-09 10:30:47,1.0062508564227253,102.631574,101.994024
2024-05-09 10:32:35,1.0062509584264856,0.997404,0.991208
2024-05-09 10:35:23,1.0062512636280572,118.114043,117.380268
2024-05-09 10:39:11,1.006251842698687,1.0,0.993787
2024-05-09 10:39:59,1.0062511062688066,1.006234,0.999983
2024-05-09 10:47:11,1.0062528552424768,1.0,0.993786
2024-05-09 10:47:47,1.0062523610487248,117.993014,117.259863
2024-05-09 13:19:47,1.0062658334859742,7000.0,6956.412279
2024-05-10 03:18:47,1.0063399539880318,16644.421576,16539.561517
2024-05-10 15:31:59,1.0064041842133555,8000.0,7949.092547
2024-05-10 18:58:23,1.0064310946951016,0.1,0.099361
2024-05-10 19:07:59,1.0064240044202142,1.0,0.993617
2024-05-10 20:40:47,1.0064412238325282,0.01,0.009936
2024-05-10 21:49:47,1.0070493454179255,0.001,0.000993
2024-05-10 21:51:35,1.0070493454179255,0.001,0.000993
2024-05-10 21:53:11,1.0070493454179255,0.001,0.000993
2024-05-10 21:56:47,1.0070493454179255,0.001,0.000993
2024-05-11 17:12:11,1.0065425264217414,0.01,0.009935
2024-05-11 17:12:59,1.006529411764706,0.017111,0.017
2024-05-11 18:34:11,1.00664384940608,0.01,0.009934
2024-05-12 16:00:11,1.0066579896245251,2081.325184,2067.559395
2024-05-12 18:53:23,1.0066731256929153,10553.942681,10483.981753
2024-05-12 19:23:35,1.0066757507653707,8610.076691,8552.979134
2024-05-14 04:01:23,1.0068458807585712,1.5,1.489801
2024-05-15 09:04:47,1.0069961664094673,1258.26,1249.518163
2024-05-15 18:20:35,1.0070442747015373,100.0,99.3005
2024-05-15 20:54:11,1.0070575627664946,14359.835199,14259.2
2024-05-16 19:53:47,1.0071750628535514,320.483105,318.2
2024-05-16 21:03:59,1.007181016027672,202260.403001,200818.323402
2024-05-16 23:21:11,1.0071916190132086,11.596482,11.51368
2024-05-17 00:24:59,1.0071964837695022,34.253435,34.008692
2024-05-17 04:40:11,1.0072199656066962,2402.73007,2385.506793
2024-05-17 04:41:47,1.0072201009865074,24.027304,23.855068
2024-05-17 16:43:35,1.0072913211304626,202282.55086,200818.32
2024-05-17 18:03:35,1.0073000254265947,24124.889428,23950.053429
2024-05-17 18:05:23,1.007300221718921,241.248941,239.500534
2024-05-17 18:11:35,1.0073009068011498,27423.450043,27224.685154
2024-05-17 18:12:35,1.0073010174137882,274.23453,272.246851
2024-05-20 07:31:11,1.007712347583287,800.0,793.877342
2024-05-20 09:59:35,1.0077289409781134,33185.430441,32930.909386
2024-05-20 10:23:35,1.007759750075582,0.01,0.009923
2024-05-20 22:00:47,1.0078082209486494,200.0,198.450455
2024-05-21 01:23:47,1.0078305318687029,49996.0,49607.546526
2024-05-21 20:54:59,1.0079560682347617,100000.413527,99211.083378
2024-05-21 22:59:59,1.0079688292009934,5000.0,4960.470855
2024-05-22 06:34:35,1.0080151315812031,115.829287,114.908282
2024-05-23 06:31:47,1.008161531581585,528.0,523.725597
2024-05-23 10:21:35,1.0081849332325523,200.0743,198.45
2024-05-23 10:31:11,1.0081859166019338,500.0743,496.013971
2024-05-23 22:45:47,1.0082607335007765,522.771434,518.48834
2024-05-24 01:44:35,1.0082789526200822,49518.062601,49111.471059
2024-05-24 09:06:47,1.008325096782245,70000.0,69422.054676
2024-05-25 02:19:59,1.0084293805173945,50.0,49.582054
2024-05-26 17:14:23,1.0086650452986239,5783.0,5733.320518
2024-05-26 17:15:59,1.0086652063566859,5000.0,4957.046172
2024-05-26 19:18:35,1.00867710249043,50000.0,49569.877096
2024-05-26 21:53:47,1.0086891743583413,50000.5984,49569.877095
2024-05-29 03:20:35,1.0089860143569713,70045.882255,69422.054675
2024-05-29 07:31:47,1.0090111188848836,500.545661,496.075466
2024-05-30 15:14:47,1.0092013881057853,1441.084719,1427.945637
2024-05-31 01:32:23,1.009263197393188,11166.52245,11064.034118
2024-05-31 20:13:23,1.0093747935548842,100.230917,99.3
2024-05-31 23:35:47,1.0093949554752586,11288.510407,11183.442463
2024-06-01 09:35:47,1.0094543899022579,101.0,100.05405
2024-06-01 09:42:11,1.009455009567329,101.000062,100.05405
2024-06-01 20:44:35,1.0095206314010348,43064.827076,42658.689418
2024-06-01 20:54:23,1.0095216212121212,533.027416,528.0
2024-06-01 21:24:11,1.0095246379000544,4106.55322,4067.808814
2024-06-01 21:25:35,1.0095247783658834,768.642071,761.39
2024-06-02 18:46:47,1.0096542135159638,5095.0,5046.282115
2024-06-04 21:06:35,1.0099586648221877,1255.0,1242.625113
2024-06-06 01:16:23,1.0101441221293312,83830.346741,82988.501249
2024-06-07 11:55:23,1.010498600141626,184153.797945,182240.527517
2024-06-07 15:29:11,1.0105326002044894,20000.0,19791.543584
2024-06-07 21:38:35,1.0105934680168018,3692.0,3653.298895
2024-06-10 23:24:59,1.011322250406566,50000.0,49440.225388
2024-06-11 09:30:35,1.0114199624464275,3500.0,3460.481432
2024-06-11 16:44:47,1.0114899291311052,1899.556615,1877.978772
2024-06-11 18:23:11,1.011505773994088,1000.0,988.625103
2024-06-11 19:02:35,1.0115121151354298,1000.006268,988.625102
2024-06-11 22:49:47,1.0115487033202035,15000.0,14828.747198
2024-06-11 23:32:23,1.0115555216985674,1000.0,988.576483
2024-06-12 02:48:59,1.0115869742881485,105806.119298,104594.189118
2024-06-12 05:15:11,1.0116093872518277,376.732153,372.408716
2024-06-12 12:11:59,1.0116732766888477,11899.034634,11761.736628
2024-06-12 14:17:59,1.0116925020340468,105817.156886,104594.189117
2024-06-12 22:37:47,1.0117720853954424,3010.729463,2975.699277
2024-06-13 01:09:59,1.011796292480931,50023.436747,49440.225388
2024-06-13 14:48:59,1.0119293040816928,59574.282658,58871.980896
2024-06-13 20:07:47,1.011979828339663,1000.0,988.161989
2024-06-14 04:10:23,1.0120562900749464,10000.0,9880.873325
2024-06-14 04:19:59,1.0120578049220217,10000.014967,9880.873324
2024-06-14 06:58:35,1.0120829357481465,9475.831036,9362.702108
2024-06-14 12:35:35,1.0121457489878543,0.001,0.000988
2024-06-14 18:03:23,1.0121878830728723,9000.0,8891.629855
2024-06-14 20:08:59,1.0122076406818208,102613.037856,101375.482393
2024-06-15 01:45:23,1.0122584498274099,200.0,197.578
2024-06-15 08:22:23,1.0123184109054444,8934.70523,8825.983143
2024-06-15 09:47:11,1.012331199894512,11.116745,10.981332
2024-06-15 17:19:59,1.0123993387978747,30000.0,29632.575655
2024-06-15 17:22:35,1.0123997257035737,30000.011464,29632.575654
2024-06-16 08:19:47,1.012481792286809,1800.0,1777.809748
2024-06-16 08:23:23,1.0124821837318234,5355.85409,5289.825516
2024-06-16 08:23:23,1.012484169789852,0.314998,0.311114
2024-06-17 03:41:47,1.0126079458868595,110.123434,108.752291
2024-06-17 04:08:23,1.0126108288788358,1388.986071,1371.687949
2024-06-17 08:24:23,1.012638613996058,100.61724,99.361449
2024-06-17 08:24:23,1.0126388703328777,0.492664,0.486515
2024-06-17 12:28:47,1.0126651299146057,999.181357,986.684865
2024-06-17 21:48:23,1.0127313534350315,1.052715,1.039481
2024-06-18 08:25:59,1.0128077175608956,122848.804172,121295.288377
2024-06-18 08:25:59,1.0128079092649673,0.471851,0.465884
2024-06-18 17:14:35,1.0128686300043752,3013.99245,2975.699277
2024-06-18 20:46:35,1.01289309072926,493.855165,487.568895
2024-06-18 22:54:35,1.0129078545671304,3079.289246,3040.048739
2024-06-18 22:54:59,1.0129079005669932,3964.658549,3914.13528
2024-06-19 02:29:59,1.0129326384846926,102686.534858,101375.482393
2024-06-19 08:29:35,1.0129757651604376,4.124032,4.071205
2024-06-19 08:29:35,1.0129756404242707,74093.629128,73144.531982
2024-06-20 08:31:47,1.0131433897299285,84230.0,83137.294142
2024-06-20 08:31:47,1.0131435260333552,6.217907,6.137242
2024-06-20 09:06:23,1.0131472919807556,999.657098,986.684864
2024-06-22 08:39:35,1.0134694107955324,15.81721,15.606993
2024-06-22 08:39:35,1.0134693654669138,43829.875,43247.360496
2024-06-22 10:13:59,1.01347985914258,24154.072563,23832.809646
2024-06-22 22:27:23,1.013560699705235,1125.372897,1110.316232
2024-06-22 22:39:35,1.0135620452,15203.430678,15000.0
2024-06-23 05:23:11,1.0136067954675985,405.231294,399.791414
2024-06-23 08:24:35,1.0136269750145404,8.408872,8.295825
2024-06-23 08:24:35,1.013626914126865,510.48394,503.621138
2024-06-24 08:25:35,1.0137867205427349,49850.0,49172.078298
2024-06-24 08:25:35,1.0137867858548786,8.15079,8.039945
2024-06-24 09:20:23,1.0137926935094694,100423.694154,99057.425445
2024-06-24 19:38:35,1.0138625175500169,84138.930803,82988.501248
2024-06-25 08:27:35,1.0139521713243074,10.774563,10.626303
2024-06-25 08:27:35,1.0139521030149294,10864.0,10714.510052
2024-06-25 09:38:11,1.0139602942526824,1013.265045,999.314323
2024-06-25 15:24:47,1.0140005311402718,100600.087815,99211.08
2024-06-25 18:28:11,1.014022646250656,4124.850257,4067.808813
2024-06-26 13:10:11,1.0141245381756498,11927.865725,11761.736627
2024-06-26 18:32:35,1.014159170317565,1802.982058,1777.809747
2024-06-27 12:42:11,1.0142763237945092,86.60939,85.39033
2024-06-27 12:42:11,1.014276351104381,24.280508,23.93875
2024-06-27 16:45:35,1.0143049861458258,101642.584527,100209.094814
2024-06-28 08:31:11,1.0144263734792631,5.031568,4.960013
2024-06-28 08:31:11,1.0144262508917035,1743.38411,1718.591281
2024-06-28 09:26:23,1.014433325893085,100000.0,98577.203102
2024-06-28 10:49:47,1.0144436329451747,25000.0,24644.050382
2024-06-29 08:31:35,1.0146031938208788,5.262763,5.187016
2024-06-29 08:31:35,1.0146031619390095,19.94,19.653004
2024-06-30 22:07:23,1.0148795871214773,1495.904041,1473.971947
2024-07-01 02:03:35,1.0149085606259685,9502.28652,9362.702108
2024-07-02 02:52:11,1.0150918130301416,16789.173486,16539.561516
2024-07-02 08:19:47,1.0151323934720593,1744.260487,1718.259114
2024-07-02 08:19:47,1.0151324588561579,15.6574,15.423997
2024-07-02 21:58:35,1.0152338971259074,43503.142238,42850.364198
2024-07-03 05:13:59,1.015288737478276,473.964896,466.82769
2024-07-03 08:20:35,1.0153122366607183,1744.27144,1717.965545
2024-07-03 08:20:35,1.0153122888116897,5.389037,5.307763
2024-07-03 08:44:23,1.0153153208949761,10.0,9.849157
2024-07-03 09:35:59,1.0153217263907128,282057.799576,277801.402496
2024-07-03 11:27:59,1.0153374367551482,17720.647762,17452.96403
2024-07-04 22:04:59,1.0156309797788614,1004.028901,988.576482
2024-07-05 08:23:47,1.0157186923982422,2.259839,2.224867
2024-07-05 08:23:47,1.0157185044046924,25785.032614,25386.00262
2024-07-05 14:04:35,1.0157672278433834,6395.195575,6295.926271
2024-07-05 22:36:35,1.0158253425430712,19338.227313,19036.960886
2024-07-06 04:45:47,1.0158548801372513,1277.121587,1257.189006
2024-07-06 05:06:59,1.0158573853921304,13569.367276,13357.551435
2024-07-06 08:17:47,1.015880077390673,34.239022,33.703803
2024-07-06 08:17:47,1.0158805823788186,0.671301,0.660807
2024-07-07 08:52:11,1.0160553233154228,49948.925415,49159.651319
2024-07-07 19:36:59,1.0161393229289166,6787.303835,6679.501208
2024-07-09 09:49:35,1.0164691137183768,1.214891,1.195207
2024-07-09 09:49:35,1.0164687988485905,501.4115,493.287645
2024-07-10 08:35:47,1.0166651924647188,111.456941,109.629937
2024-07-10 08:35:47,1.016665413392488,0.324483,0.319164
2024-07-10 21:34:11,1.016777134876035,1000.0,983.499693
2024-07-11 04:05:23,1.0168333770217612,59.311596,58.32971
2024-07-11 04:11:47,1.0168342859382342,59.311648,58.329709
2024-07-13 00:52:23,1.017293997965412,0.01,0.00983
2024-07-13 08:23:47,1.0172848017239455,92.671677,91.097082
2024-07-13 08:23:47,1.0172852359111901,1.602504,1.575275
2024-07-14 08:24:35,1.0174921888466821,4071.0,4001.013516
2024-07-14 08:24:35,1.0174931225406554,0.584387,0.57434
2024-07-15 08:22:11,1.0176988412562409,100.0,98.260896
2024-07-16 09:38:59,1.017849488947227,1.655179,1.626153
2024-07-16 09:38:59,1.0178494259252164,32.461089,31.891838
2024-07-16 11:45:35,1.0178597641676252,3870.371161,3802.46012
2024-07-16 13:09:47,1.0178666198346131,100289.92615,98529.536381
2024-07-16 20:41:59,1.017901928014016,604.774801,594.138575
2024-07-17 03:03:35,1.017931716714708,50423.079417,49534.834792
2024-07-17 08:27:59,1.0179578789018429,0.64962,0.63816
2024-07-17 08:27:59,1.0179565271795243,407.39719,400.210794
2024-07-17 17:59:23,1.0180027943877552,9976.427385,9800.0
2024-07-18 08:28:47,1.0180834408871673,3262.843476,3204.888072
2024-07-18 08:28:47,1.0180846258605054,0.599548,0.588898
2024-07-18 14:22:23,1.0181162899960494,300.0,294.661821
2024-07-19 07:20:23,1.0182108555816245,387.002589,380.080989
2024-07-19 13:12:59,1.0182436080384873,68451.150809,67224.729199
2024-07-20 00:59:59,1.018307523297988,47747.183067,46888.765893
2024-07-20 01:31:47,1.018310345449592,20005.846246,19646.11902
2024-07-20 10:50:59,1.0183595948760038,168797.446744,165754.265579
2024-07-20 14:47:35,1.018381871405199,501.953033,492.892742
2024-07-20 14:47:35,1.0183823212505303,1.063294,1.044101
2024-07-20 16:36:47,1.0183921563756015,10526.557292,10336.447729
2024-07-20 19:52:11,1.0184104802913083,20007.813506,19646.119019
2024-07-21 02:09:59,1.0184462020598652,47753.685543,46888.765893
2024-07-21 04:34:47,1.018460167656163,94481.395833,92768.866995
2024-07-21 08:17:35,1.018480849396568,99.0,97.203595
2024-07-21 21:17:11,1.0185531742883212,39817.879349,39092.587755
2024-07-22 12:42:11,1.018637659640993,995.5522,977.336927
2024-07-22 22:58:47,1.018693961225459,40000.0,39265.963599
2024-07-23 03:58:23,1.018720893391016,94505.583063,92768.866994
2024-07-23 05:39:59,1.018730376780061,2526.37,2479.920161
2024-07-23 10:17:35,1.0187569386325983,1.192944,1.17098
2024-07-23 10:20:47,1.0187565596384358,300.188662,294.66182
2024-07-23 12:34:23,1.0187690785913517,5.075532,4.982024
2024-07-24 07:56:23,1.0188774007422514,17178.138555,16859.868069
2024-07-26 10:06:47,1.019135236624552,1.198501,1.175998
2024-07-26 10:06:47,1.0191349742578268,116.285401,114.102061
2024-07-27 06:57:59,1.0192453914819624,0.5,0.490559
2024-07-27 13:52:35,1.0192798231862055,15895.652211,15594.983683
2024-07-28 17:46:59,1.0194593279185673,10000.0,9809.121096
2024-07-28 18:34:59,1.0194645199999999,101.946452,100.0
2024-07-29 08:00:59,1.019554235350224,170.56034,167.289129
2024-07-29 08:26:47,1.0195573641157663,1.276808,1.252316
2024-07-29 12:23:59,1.019583952044014,17462.26,17126.848618
2024-07-29 15:28:35,1.019604667170831,266615.7668,261489.355026
2024-07-29 18:50:23,1.019625159130784,79505.115491,77974.846716
2024-07-29 21:44:11,1.019642321600179,33512.630175,32867.045105
2024-07-30 10:03:47,1.0197146849472125,0.341531,0.334928
2024-07-31 05:00:35,1.0198255197121653,300.2944,294.456644
2024-07-31 18:20:59,1.0199036748622217,605.964115,594.138574
2024-08-01 05:12:47,1.0199673486965761,74.007001,72.558206
2024-08-01 09:05:47,1.0199901068853245,1971.664521,1933.023181
2024-08-01 12:47:47,1.0200117794020322,5000.0,4901.904175
2024-08-02 03:09:11,1.0200957386409928,26391.413184,25871.506158
2024-08-02 08:20:47,1.0201268380409594,0.858805,0.841861
2024-08-02 11:49:11,1.0201468909134945,40535.368173,39734.834791
2024-08-02 19:37:11,1.0201935873240098,599.434282,587.569153
2024-08-02 20:39:23,1.0201997911160758,5982.217477,5863.770537
2024-08-02 21:22:11,1.020204052289424,858.399508,841.399822
2024-08-03 11:38:59,1.1111111111111112,1e-05,9e-06
2024-08-03 12:14:11,1.0202934834190565,1.489956,1.460321
2024-08-03 15:41:11,1.0203134393510158,20406.268786,19999.999999
2024-08-03 17:46:11,1.0203259718194404,13193.733109,12930.9
2024-08-04 01:48:11,1.0203745252831042,2530.447356,2479.92016
2024-08-04 15:59:59,1.0204604188134774,4100.0,4017.794247
2024-08-04 18:02:23,1.020472744403585,15000.0,14699.069703
2024-08-05 00:41:59,1.0205127743221998,60079.608553,58871.980895
2024-08-05 08:20:35,1.0205582389414787,20198.422865,19791.543583
2024-08-05 08:36:47,1.020558817764453,0.739352,0.724458
2024-08-05 10:14:23,1.0205582390124783,9973.003102,9772.105815
2024-08-05 10:46:23,1.020558238884904,5002.678691,4901.904174
2024-08-05 12:44:35,1.020558238925835,17206.477264,16859.868068
2024-08-05 18:51:35,1.0205582390098866,20000.0,19597.117769
2024-08-06 02:14:47,1.020572692737791,3.792045,3.715605
2024-08-06 18:46:47,1.020628192046744,40075.949436,39265.963598
2024-08-07 05:00:35,1.0206790096000846,138.144711,135.345892
2024-08-07 08:02:59,1.0206941049464604,6967.952656,6826.680611
2024-08-07 16:31:47,1.0207361212426376,79572.37346,77955.871066
2024-08-07 19:29:35,1.0207503908896813,55430.160027,54303.344404
2024-08-07 20:12:35,1.020753775707122,1153.899855,1130.438978
2024-08-08 08:11:11,1.0208103539709699,100628.629591,98577.203101
2024-08-08 08:24:47,1.0208122649297011,0.76918,0.753498
2024-08-08 08:24:47,1.020811449875969,20.367522,19.952286
2024-08-08 23:28:59,1.0208852611581434,858.972676,841.399821
2024-08-09 08:30:35,1.020929483781704,4452.714115,4361.431603
2024-08-10 10:37:35,1.0210572431560094,200.000048,195.875451
2024-08-11 08:13:35,1.021165047624906,0.215812,0.211339
2024-08-13 08:30:59,1.0213993096656602,13.555838,13.27183
2024-08-13 08:30:59,1.0214024783324975,0.142598,0.13961
2024-08-13 14:26:11,1.021428340877603,40.0,39.160848
2024-08-13 15:20:47,1.0214327866536697,45.93,44.966248
2024-08-13 18:23:23,1.0214476801082697,48759.949109,47736.120076
2024-08-13 19:10:11,1.0214514337214164,60020.176094,58759.696362
2024-08-14 04:02:11,1.02149124374,153223.686561,150000.0
2024-08-14 10:05:23,1.0215172946320024,79633.270511,77955.871065
2024-08-14 19:27:59,1.0215588409090908,44.948589,44.0
2024-08-15 09:02:59,1.0216233043186744,0.170654,0.167042
2024-08-15 09:02:59,1.0216191393274068,6.200133,6.068928
2024-08-16 09:55:47,1.0217468449168106,45.944121,44.966247
2024-08-16 20:33:47,1.0218092450030698,910.0,890.577184
2024-08-17 19:00:59,1.021940983893011,3082.045855,3015.874599
2024-08-18 08:21:11,1.0220295522883653,0.277016,0.271045
2024-08-19 16:36:35,1.0222452904056745,1976.023842,1933.02318
2024-08-19 17:28:35,1.0222511777690546,103.608287,101.353062
2024-08-19 17:47:59,1.0222533644854028,2402.24848,2349.954095
2024-08-20 09:13:35,1.0223629845179338,0.190776,0.186603
2024-08-20 09:13:35,1.0223581309790508,58017.385193,56748.592724
2024-08-20 10:54:23,1.022369294439402,271.779467,265.832971
2024-08-21 08:33:11,1.022513216063199,102709.032775,100447.633499
2024-08-21 08:33:11,1.0225146640968292,0.453065,0.443089
2024-08-21 17:36:47,1.0225712671441374,989.96,968.108563
2024-08-22 00:01:23,1.0226123271324967,2502.893794,2447.549015
2024-08-22 09:48:23,1.02267533303906,1.044895,1.021727
2024-08-22 09:48:23,1.0226750590244449,9402.54906,9194.072914
2024-08-23 08:30:59,1.0228208878603673,1.004181,0.981776
2024-08-23 08:30:59,1.0228202220288654,10879.340123,10636.610314
2024-08-24 08:16:47,1.0229720904141588,1.13247,1.107039
2024-08-24 08:16:47,1.022971579143505,5209.879824,5092.888141
2024-08-24 16:50:11,1.0230259899122636,1000.000968,977.493219
2024-08-26 08:33:11,1.0230636845236412,2.31124,2.259136
2024-08-26 08:33:11,1.023063373434852,9849.57267,9627.529365
2024-08-27 09:04:23,1.0230890394579515,19.251978,18.8175
2024-08-27 09:04:23,1.023089429768136,1.181744,1.155074
2024-08-28 08:11:23,1.0231316084353543,1568.632295,1533.167661
2024-08-28 08:11:23,1.0231321938771578,1.061692,1.037688
2024-08-28 15:26:47,1.0231563587566095,12771.03767,12482.0
2024-08-29 01:15:59,1.0231900109769154,123.0,120.212276
2024-08-29 07:06:11,1.023210008096651,100.0949,97.824395
2024-08-29 09:41:59,1.0232188908924553,100.542404,98.260895
2024-08-29 11:30:47,1.023225122910825,50.0,48.865102
2024-08-29 21:08:47,1.0232581224869493,93229.575366,91110.515829
2024-08-29 22:04:59,1.0232612302054087,13887.90811,13572.201995
2024-08-29 23:07:47,1.023264698225251,25.194322,24.62151
2024-08-30 03:02:47,1.02327762,9721.13739,9500.0
2024-08-30 05:20:47,1.0232852380608441,348.237699,340.31342
2024-08-30 05:20:47,1.0232854505065858,2.216204,2.165773
2024-08-30 06:17:35,1.0232883772727273,22512.3443,22000.0
2024-08-30 06:20:35,1.0232885481960348,100.5541,98.265636
2024-08-30 06:39:23,1.0232895905211556,114085.896451,111489.355025
2024-08-30 20:06:23,1.0233364190825052,9.862767,9.637854
2024-08-30 22:35:47,1.0233449861923711,23360.878411,22827.96
2024-08-31 00:19:47,1.0233510609,10233.510609,10000.0
2024-08-31 07:58:11,1.0233780481315164,5.0,4.88578
2024-09-01 02:21:59,1.0234426572555149,11007.562623,10755.426838
2024-09-01 11:55:11,1.0234772896786153,0.8,0.781649
2024-09-01 12:08:11,1.0234769230517298,10.0,9.770616
2024-09-01 13:17:59,1.0234809797690374,44.0,42.99054
2024-09-02 09:44:23,1.0235527477803834,3.820079,3.732176
2024-09-02 15:21:47,1.023572321048055,19125.219383,18684.775848
2024-09-03 00:40:23,1.0236049343455567,2.523526,2.465332
2024-09-03 05:41:35,1.0236222091180016,60147.728803,58759.695
2024-09-04 21:37:59,1.0237643361044004,48870.5372,47736.12
2024-09-05 08:17:47,1.023815054964982,3.133473,3.060585
2024-09-05 08:17:47,1.0238147245578462,641.7326,626.805402
2024-09-05 14:13:47,1.0238430234476856,68.717564,67.117285
2024-09-06 10:07:59,1.0239378776184356,13.689518,13.369481
2024-09-06 11:22:23,1.0239438291342773,62364.917058,60906.580306
2024-09-07 07:28:35,1.0240443869689508,8698.692357,8494.448549
2024-09-07 08:06:23,1.0240476916808845,544.129488,531.351706
2024-09-08 03:54:47,1.0241516448436125,8141.076206,7949.092546
2024-09-08 09:17:11,1.024179705853309,1.62833,1.589887
2024-09-10 07:27:11,1.024424485578208,100000.0,97615.784675
2024-09-10 08:11:47,1.024428326764959,120.372828,117.50244
2024-09-11 09:19:23,1.024558347629356,2235.514869,2181.930267
2024-09-11 10:35:35,1.02456493019395,99.553835,97.166936
2024-09-12 11:32:47,1.0246941812824377,5008.83603,4888.127718
2024-09-12 13:20:11,1.02470347241071,1000.0,975.892077
2024-09-13 14:47:59,1.0248356006707042,2685.783247,2620.696671
2024-09-13 19:20:23,1.024859138879091,1003238.626618,978903.918167
2024-09-15 16:22:11,1.025000548282951,4.44,4.331705
2024-09-17 00:42:59,1.0250798691689007,1911.773956,1865.0
2024-09-18 08:30:35,1.0251593046324496,629.385428,613.939146
2024-09-18 16:29:35,1.0251792506999597,8520.738207,8311.461826
2024-09-21 09:45:23,1.0253686425026094,4067.415352,3966.783441
2024-09-21 11:21:59,1.0253738124652323,508.600202,496.014425
2024-09-23 09:58:11,1.0255235608038529,4005.954367,3906.252884
2024-09-23 11:27:59,1.0255283652303138,1002.28674,977.336926
2024-09-23 20:40:23,1.025557929752066,992.740076,968.0
2024-09-24 13:25:23,1.0256117360521662,4473.135437,4361.431602
2024-09-27 13:02:11,1.0258393769211245,512.647443,499.734612
2024-09-28 16:26:59,1.025917646500074,68828.533713,67089.725913
2024-10-01 06:44:23,1.0261443208763328,48666.442071,47426.508222
2024-10-02 02:32:47,1.0262317187706984,341.205557,332.483932
2024-10-02 08:19:47,1.0262572426381644,927.143384,903.422013
2024-10-02 20:41:35,1.0263118266534905,16453.609929,16031.784397
2024-10-03 04:02:59,1.0263441555558046,100.401493,97.824392
2024-10-03 04:07:11,1.0263444692541803,100.854391,98.265635
2024-10-03 05:16:59,1.0263495874127049,118221.667484,115186.549431
2024-10-03 09:32:11,1.0263677129462974,2217.945919,2160.966183
2024-10-03 09:32:11,1.0263677221155132,0.545575,0.531559
2024-10-03 15:39:59,1.0263938532118273,5584.612287,5441.003246
2024-10-03 15:40:23,1.0263938817950016,2465.952988,2402.540615
2024-10-03 15:41:11,1.026393939078255,1071.855235,1044.292249
2024-10-03 15:41:47,1.0263939814579028,1171.482714,1141.357739
2024-10-03 20:49:59,1.0264158273135855,14491.475019,14118.522565
2024-10-04 08:56:11,1.0264674904939879,67.652987,65.908553
2024-10-04 08:56:11,1.0264682199977964,1.211058,1.17983
2024-10-04 14:30:11,1.0264912703568678,834.538418,813.000989
2024-10-04 14:30:35,1.0264912979885241,3452.209187,3363.115882
2024-10-04 18:06:35,1.0265066522626294,2505.270274,2440.578703
2024-10-07 08:55:23,1.0267748110543253,1794.893995,1748.089236
2024-10-07 08:55:23,1.0267748734579745,3.90694,3.80506
2024-10-07 22:04:47,1.0268316616073625,19863.868341,19344.814816
2024-10-09 03:22:23,1.0269672346552994,324.376624,315.858786
2024-10-11 18:16:59,1.0273546185806486,19255.738035,18743.029609
2024-10-12 08:24:11,1.0274487361645133,2501.198433,2434.377838
2024-10-12 09:10:11,1.0274539530820936,6.140034,5.97597
2024-10-12 09:10:11,1.027453898498836,32.97,32.089031
2024-10-14 09:12:47,1.0277756521975023,879.2,855.439607
2024-10-14 09:12:47,1.0277760656247616,2.517853,2.449807
2024-10-14 10:16:59,1.0277828191148224,101653.619402,98905.739142
2024-10-14 21:27:47,1.0278558026380595,35.0,34.051469
2024-10-14 21:33:59,1.0278564487188497,35.000022,34.051469
2024-10-16 18:16:59,1.028148424508912,1329.149184,1292.760026
2024-10-17 08:34:23,1.028241870609005,7.886719,7.670101
2024-10-19 08:34:59,1.0283604033938358,12909.888808,12553.856377
2024-10-19 08:34:59,1.0283605018322797,6.59633,6.414414
2024-10-20 08:22:11,1.0284404118583805,3.447359,3.352026
2024-10-20 08:22:11,1.028440300287064,77.012297,74.882613
2024-10-21 08:33:23,1.028538867969551,1.0,0.972253
2024-10-21 10:19:23,1.0285459086850925,540.521016,525.519582
2024-10-21 18:16:59,1.0285782973940842,4454.55662,4330.790015
2024-10-21 18:16:59,1.028578295249268,412.191025,400.738599
2024-10-22 16:23:23,1.0286692354683562,25661.468286,24946.27758
2024-10-23 05:00:47,1.0287219952433024,299.613522,291.24829
2024-10-23 08:17:47,1.0287357444781078,24134.013388,23459.876375
2024-10-23 09:06:11,1.0287391029062751,771.853681,750.290991
2024-10-23 09:06:11,1.0287391578108875,9.657545,9.387749
2024-10-24 08:33:35,1.0288372904390208,2.760176,2.682811
2024-10-24 08:33:35,1.0288371168202033,2815.908182,2736.981526
2024-10-25 13:45:23,1.0289682848124646,7.704612,7.487706
2024-10-25 14:01:47,1.028969503826184,2.542987,2.471392
2024-10-26 18:16:59,1.0290960513308085,15516.454369,15077.751342
2024-10-26 18:16:59,1.0290960512953478,498.492633,484.398548
2024-10-27 09:04:59,1.0291609828453159,8.160908,7.929671
2024-10-27 17:14:59,1.0291966576040081,20001.0,19433.603726
2024-10-28 09:28:47,1.0292674100287824,1281.913446,1245.461999
2024-10-28 09:28:47,1.0292676359719979,2.714117,2.63694
2024-10-29 13:02:59,1.0293900658897268,36358.129201,35320.070016
2024-10-29 19:08:23,1.0294180241049256,291.253047,282.929811
2024-10-31 00:02:23,1.0295516678968089,1994.715297,1937.460119
2024-10-31 05:57:23,1.0295790638675866,1076.950672,1046.010656
2024-10-31 08:23:11,1.0295903786997591,8.029206,7.798447
2024-10-31 14:19:47,1.0296178475624596,114948.175428,111641.591781
2024-10-31 18:16:59,1.0296356536260576,2265.473257,2200.266909
2024-11-01 08:23:47,1.0297282218857096,0.02584,0.025094
2024-11-01 08:23:47,1.029699217094395,2.208399,2.144703
2024-11-02 08:44:47,1.0298057005082462,2.183427,2.120232
2024-11-02 08:44:47,1.0298055408111069,11.760888,11.420494
2024-11-02 21:47:47,1.0298617076236594,790.175874,767.264059
2024-11-03 08:30:47,1.0299081883765757,2.066174,2.006173
2024-11-03 08:30:47,1.0299080230540636,498.288801,483.818739
2024-11-03 21:51:47,1.029971004484697,7350.0,7136.123219
2024-11-04 00:55:35,1.0299854408467979,100.0,97.088751
2024-11-04 03:37:59,1.0299981794305828,2914.741273,2829.850898
2024-11-04 23:22:47,1.0300912559172244,16064.256327,15594.983682
2024-11-05 08:02:47,1.030132269793939,4540.938452,4408.112031
2024-11-05 08:22:47,1.0301338937316056,4.12496,4.004295
2024-11-05 08:22:47,1.0301338489151188,944.601376,916.969554
2024-11-05 14:22:23,1.03016225174277,1500.0,1456.081309
2024-11-05 18:16:59,1.030180774725113,2830.541025,2747.61585
2024-11-07 08:30:11,1.0303620770838848,4.717826,4.578804
2024-11-07 08:30:11,1.030362000518992,13157.180192,12769.473433
2024-11-07 09:08:35,1.0303650244524367,541.467124,525.51
2024-11-07 20:09:59,1.0304171462530507,391.641967,380.080988
2024-11-08 00:09:11,1.0304360017296614,2961.835632,2874.351854
2024-11-08 01:42:11,1.030443326516113,10266.028731,9962.730086
2024-11-08 08:26:35,1.0304701610160154,2.581167,2.504844
2024-11-08 08:26:35,1.0304700303041945,4577.99593,4442.628893
2024-11-09 02:20:35,1.0305301962324813,2968.937231,2880.980336
2024-11-09 08:21:59,1.0306068200805043,0.01357,0.013167
2024-11-09 08:21:59,1.0305506924758563,2.745453,2.664064
2024-11-09 14:51:47,1.030572484279036,2969.059061,2880.980335
2024-11-09 18:35:35,1.030585093034151,944854.019681,916813.202585
2024-11-10 18:17:11,1.0306503461610836,80391.351552,78000.605978
2024-11-11 08:48:11,1.0306909707474987,93509.948174,90725.494671
2024-11-11 11:16:23,1.030698032644376,31.839564,30.891263
2024-11-11 19:49:23,1.030722397584716,118725.356398,115186.54943
2024-11-12 08:30:35,1.0307595256749327,10.730285,10.410076
2024-11-14 10:00:47,1.030904169287596,15380.363941,14919.295507
2024-11-15 02:07:35,1.0309546017393716,3063.268509,2971.293308
2024-11-15 08:19:23,1.0309798401665802,6.020747,5.83983
2024-11-15 18:17:47,1.0310203615494875,3239.030839,3141.577955
2024-11-15 19:17:23,1.0310244048154258,3342.077133,3241.511178
2024-11-16 01:29:23,1.0310496206815774,2279.816567,2211.160861
2024-11-16 08:59:35,1.0310809027319519,1.0,0.969856
2024-11-16 10:15:59,1.0310862183984963,1.0,0.969851
2024-11-16 12:56:35,1.031096183466043,5888.200204,5710.621665
2024-11-16 17:49:11,1.0311191767544494,0.1,0.096982
2024-11-16 20:43:11,1.031127840401312,10407.051021,10092.881419
2024-11-17 18:18:11,1.0312159021945944,50000.0,48486.451667
2024-11-17 22:08:11,1.0312313825534554,1883.648816,1826.601525
2024-11-18 03:41:11,1.0312539195933905,7.301088,7.079816
2024-11-18 08:28:23,1.0312817649033987,5897.503271,5718.614904
2024-11-18 08:28:23,1.0312819938892925,4.109799,3.985136
2024-11-19 15:31:59,1.0314937866805736,3569.465095,3460.481431
2024-11-20 18:17:47,1.0316770210035193,15287.24428,14817.85866
2024-11-21 09:34:23,1.0317821288064248,4.110133,3.983528
2024-11-22 00:49:35,1.031886845139212,787.206017,762.880175
2024-11-23 13:35:23,1.0321396654837682,29945.110726,29012.65374
2024-11-24 08:16:47,1.032269161418241,4.546133,4.404019
2024-11-25 13:59:59,1.0325127512439944,1004.784675,973.145052
2024-11-25 18:17:47,1.0325548105234363,769.368156,745.111202
2024-11-25 18:17:47,1.032554810743595,888.970252,860.942434
2024-11-26 17:40:59,1.0327837910002675,30000.0,29047.706075
2024-11-26 17:49:47,1.0327852255319403,49.791561,48.210954
2024-11-27 05:00:35,1.0328940397216329,402.80624,389.978279
2024-11-27 08:25:11,1.0329272548475068,23.54,22.789601
2024-11-27 08:25:11,1.032927335372125,4.694161,4.544522
2024-11-27 15:29:35,1.032996087965475,872.709748,844.833546
2024-11-28 20:25:23,1.0332821207261194,50000.0,48389.494986
2024-11-29 08:22:11,1.0334007937866077,117.72714,113.922053
2024-11-29 08:22:11,1.0334009269800914,1.596622,1.545017
2024-11-29 18:49:11,1.0335046169925306,81526.024218,78883.076938
2024-11-29 22:09:59,1.0335369805091417,9996.442329,9672.070296
2024-11-30 01:19:59,1.033567432406197,52224.977269,50528.853398
2024-11-30 08:22:47,1.0336361679224972,0.480124,0.4645
2024-11-30 08:22:47,1.0336583162872246,0.03891,0.037643
2024-11-30 18:17:47,1.0337323196460797,5790.323691,5601.376276
2024-11-30 18:17:47,1.0337323192187313,1032.20364,998.521204
2024-12-01 02:06:35,1.0338082109648274,9999.065688,9672.070295
2024-12-01 08:23:59,1.033869475511307,0.505099,0.488552
2024-12-01 08:23:59,1.0338780390593862,0.03891,0.037635
2024-12-02 09:25:23,1.0341142262150977,0.507505,0.490763
2024-12-02 09:25:23,1.0341130850164548,117.279554,113.410763
2024-12-02 09:35:23,1.0341147136667266,41855.761369,40474.969378
2024-12-02 11:48:23,1.0341361206829072,291.564039,281.939711
2024-12-02 13:08:47,1.03414906366204,100172.593653,96864.753035
2024-12-02 13:21:59,1.0341511464757382,21050.780395,20355.612878
2024-12-02 19:33:23,1.0342099983248783,41265.88,39900.871261
2024-12-02 19:49:35,1.0342125865966878,3623.501486,3503.633134
2024-12-02 21:52:11,1.0342321899780105,45001.0,43511.505865
2024-12-03 04:54:59,1.0343004143711179,108774.158987,105166.891046
2024-12-03 12:54:59,1.0343762141137796,113384.04,109615.861669
2024-12-03 21:01:59,1.0344548939288407,20103.18648,19433.603725
2024-12-04 08:16:59,1.0345644116449122,1608.699108,1554.95307
2024-12-04 08:16:59,1.0345647732543208,1.619427,1.565322
2024-12-04 08:47:47,1.0345691385348406,2.006761,1.939707
2024-12-05 08:07:11,1.0347018719879832,24967.65562,24130.289406
2024-12-05 22:16:59,1.0348393984858513,10304.694943,9957.772151
2024-12-06 08:34:11,1.034939517334244,2.042923,1.973954
2024-12-06 08:34:11,1.0349395135644661,2159.06794,2086.177899
2024-12-07 07:25:11,1.035161872816713,91305.622145,88204.197375
2024-12-07 09:09:35,1.035178505713253,94.89456,91.669755
2024-12-08 12:14:35,1.0354374028319089,94.918292,91.669754
2024-12-08 20:57:35,1.0355207697381958,25519.42602,24644.050381
2024-12-09 08:32:11,1.0356322605236539,3.200636,3.090514
2024-12-09 18:41:59,1.0357298421516135,50000.0,48275.136976
2024-12-09 18:48:11,1.0357308263881095,50000.0,48275.091101
2024-12-09 20:54:23,1.0357506648888888,4660.877992,4500.0
2024-12-10 00:37:59,1.035785848412508,10395.577008,10036.415369
2024-12-10 01:19:11,1.0357923469704617,27600.669951,26646.914347
2024-12-10 07:22:11,1.0358499952858273,540.0,521.311003
2024-12-10 22:16:59,1.0359921067466038,1004.290769,969.40002
2024-12-10 22:16:59,1.0359921067717677,7390.474448,7133.716946
2024-12-11 08:24:47,1.0360885386239997,2534.453968,2446.175084
2024-12-11 08:24:47,1.036089025262525,1.998968,1.92934
2024-12-12 03:25:59,1.0362697379999999,1036.269738,1000.0
2024-12-12 08:35:47,1.0363189488109465,7279.422065,7024.306632
2024-12-12 08:35:47,1.0363197110416122,0.917544,0.885387
2024-12-13 08:02:47,1.036542826335494,9778.323726,9433.593555
2024-12-13 13:17:47,1.0365930583103697,14068.848306,13572.2
2024-12-14 08:43:35,1.036779784081612,1.283692,1.238153
2024-12-14 08:43:35,1.0367795292239679,229.36312,221.226513
2024-12-14 12:58:23,1.0368244121868286,0.10764,0.103817
2024-12-15 22:16:59,1.0371845730304543,6214.914069,5992.100375
2024-12-16 04:52:11,1.0372649794516235,19094.476641,18408.484832
2024-12-16 06:00:59,1.03727892589121,2331.731254,2247.930808
2024-12-16 08:15:23,1.0373061837542092,2542.989685,2451.532368
2024-12-16 08:15:23,1.0373065742752912,1.10836,1.068498
2024-12-16 14:52:23,1.037386748856556,9411.009552,9071.842842
2024-12-17 18:20:35,1.0377219815602465,16683.024022,16076.583438
2024-12-17 21:08:47,1.037756092052238,74223.267277,71522.844188
2024-12-18 07:28:11,1.0378799144216246,1048.163157,1009.907931
2024-12-18 08:36:59,1.0378935814436674,10.134707,9.764688
2024-12-18 08:36:59,1.0378937820715604,1.112235,1.071627
2024-12-18 11:00:23,1.03792235093779,20313.552167,19571.360178
2024-12-18 11:21:11,1.0379264943005182,2003.198134,1930.0
2024-12-18 18:31:11,1.0380121929947295,14032.406034,13518.536804
2024-12-18 19:28:11,1.038023585050909,8722.148524,8402.64966
2024-12-18 21:57:47,1.038053435011468,4896.227421,4716.739289
2024-12-19 01:32:35,1.0380962564168836,3842.568197,3701.552889
2024-12-20 09:07:59,1.0384770913406633,88120.917335,84855.908782
2024-12-20 09:47:23,1.0384851623374056,25058.94751,24130.289405
2024-12-20 22:16:59,1.0386395004001054,13587.509759,13082.02678
2024-12-21 08:35:59,1.0387673512553335,1.815167,1.747424
2024-12-21 22:33:35,1.0389460781609197,112.985386,108.75
2024-12-22 07:28:23,1.0390640833244482,1235.537869,1189.087265
2024-12-22 07:30:59,1.0390646576531462,3746.578787,3605.722473
2024-12-22 16:31:11,1.0391839895704635,165.411169,159.174093
2024-12-23 01:25:11,1.0393019948029911,50.0,48.109212
2024-12-23 22:15:11,1.0395782910420293,10158.869062,9772.105814
2024-12-24 08:33:59,1.0397155467899568,1.745986,1.679292
2024-12-25 00:19:11,1.0399249070789434,374.940595,360.545836
2024-12-25 10:58:35,1.0400612629900947,25288.977491,24314.8922
2024-12-25 22:16:59,1.0402012033031245,1340.463777,1288.658168
2024-12-25 22:16:59,1.0402012039794482,1045.116629,1004.725456
2024-12-26 04:43:11,1.0402812504388685,2.0,1.922557
2024-12-26 04:46:11,1.0402815150323703,131.897105,126.789819
2024-12-26 14:09:23,1.0403977364242476,136224.589604,130935.107637
2024-12-26 14:23:23,1.0404005494045676,6714.407539,6453.675503
2024-12-27 08:41:59,1.0406213779893807,0.891543,0.856741
2024-12-29 00:45:35,1.041103321019771,2001.000583,1922.0
2024-12-29 05:03:35,1.0411551272118498,228.924348,219.87535
2024-12-29 06:05:59,1.0411676603089712,122.212539,117.380268
2024-12-29 06:21:11,1.0411707115844064,122.087535,117.259863
2024-12-29 07:28:23,1.0411874319417735,0.314575,0.302131
2024-12-29 21:36:59,1.0413287052011684,56538.270672,54294.355269
2024-12-30 11:28:47,1.0414345851010947,1.638262,1.573082
2024-12-30 13:24:11,1.0414493432397336,0.4892,0.46973
2024-12-30 15:35:11,1.0414658049906869,780.588596,749.509578
2024-12-30 22:16:59,1.0415170907983964,1129.09859,1084.090314
2024-12-30 22:16:59,1.0415170912261684,8412.062566,8076.739822
2024-12-31 00:20:11,1.0415327958740992,113345.41238,108825.581709
2024-12-31 04:27:35,1.041563662952044,11202.461774,10755.426838
2024-12-31 08:39:59,1.0415952222070026,56552.741041,54294.355269
2024-12-31 12:37:47,1.041625277409443,803.87764,771.753199
2024-12-31 19:22:47,1.0416764766805735,56552.741041,54290.120116
2025-01-01 02:59:47,1.0417336407621955,33335.420531,31999.946269
2025-01-01 08:23:59,1.0417744526327386,370.391145,355.53871
2025-01-02 08:38:59,1.041957671308984,6884.20253,6606.988671
2025-01-02 12:30:11,1.0419867525774886,41288.24,39624.534475
2025-01-03 18:18:35,1.0422135318,5211.067659,5000.0
2025-01-04 00:02:35,1.0422572078512087,3788.444568,3634.84612
2025-01-04 21:44:23,1.0424123599087276,59629.528785,57203.397694
2025-01-04 22:16:59,1.0424157193127743,777.352457,745.722117
2025-01-04 22:16:59,1.0424157194988315,12041.332109,11551.37234
2025-01-04 23:00:47,1.0424202236572402,100000.0,95930.602391
2025-01-05 14:24:11,1.0425134404011243,27976.859112,26835.969713
2025-01-05 21:10:47,1.042555167037089,56600.445246,54290.120116
2025-01-06 21:06:11,1.042727239182556,45001.0,43157.019697
2025-01-07 08:59:11,1.0428134595956995,507.724184,486.879201
2025-01-07 12:16:59,1.0428373789475298,100805.203924,96664.356264
2025-01-07 23:35:47,1.0429179390334573,2805.449256,2690.0
2025-01-08 08:41:11,1.0429827101924172,7335.441711,7033.138363
2025-01-09 01:11:23,1.0431167064600566,3000.0,2875.996503
2025-01-09 22:16:59,1.0433077265890272,6899.169088,6612.784428
2025-01-09 22:16:59,1.0433077255030223,781.263591,748.833323
2025-01-10 08:17:59,1.0433985091741649,73.26871,70.221214
2025-01-11 10:44:35,1.0436382795,39658.254621,38000.0
2025-01-12 08:24:59,1.0438362826776795,2.708561,2.594814
2025-01-13 08:21:11,1.0440551478109124,9775.000178,9362.532428
2025-01-13 15:45:59,1.0441230598591549,7413.273725,7100.0
2025-01-14 08:36:59,1.0442776659660202,1054.381232,1009.675172
2025-01-14 12:49:47,1.0443163408657503,1914.204192,1832.973513
2025-01-14 18:51:35,1.0443699138431368,10771.946736,10314.302043
2025-01-14 22:16:59,1.0443999027312112,2542.985985,2434.877654
2025-01-14 22:16:59,1.0443999021199437,962.985666,922.046875
2025-01-15 08:13:11,1.0444868636733098,6.711671,6.425807
2025-01-15 16:57:59,1.044563550929977,8111.826694,7765.756987
2025-01-16 07:08:23,1.0447146554538422,1521.189482,1456.081308
2025-01-16 08:19:11,1.044728032696781,17.743593,16.983935
2025-01-17 08:30:11,1.0450022997292017,12694.953607,12148.254229
2025-01-17 16:37:59,1.0450947545139835,55000.0,52626.807055
2025-01-18 16:59:11,1.0453689746103638,5000.0,4783.000186
2025-01-19 17:28:47,1.045658772926896,1000.0,956.334921
2025-01-19 22:17:23,1.045716162036279,1162.555291,1111.731207
2025-01-19 22:17:23,1.0457161653447993,309.052385,295.541367
2025-01-20 10:56:11,1.0458671095770105,2201.284834,2104.746209
2025-01-21 00:44:11,1.046031939761888,3351.193513,3203.720064
2025-01-21 08:28:47,1.0461243928095234,27160.062263,25962.55517
2025-01-22 01:41:23,1.0463309717078562,1468.582367,1403.554331
2025-01-22 11:54:23,1.0464536830433868,95.9,91.642852
2025-01-22 14:26:47,1.0464841904533226,2231.104293,2131.999999
2025-01-22 16:39:23,1.0465107495494814,19367.198861,18506.45
2025-01-22 21:23:23,1.0465678437595467,99997.995093,95548.507141
2025-01-23 23:07:23,1.0468726564855095,2322.94374,2218.936301
2025-01-24 08:26:59,1.2500000000000002,5e-06,4e-06
2025-01-24 09:59:23,1.0470014786828723,373.480877,356.714756
2025-01-24 15:15:11,1.0470638940457353,39256.041333,37491.543311
2025-01-24 22:17:23,1.0471000603689096,4729.137571,4516.41419
2025-01-25 18:03:47,1.0471746084698226,2925.909119,2794.098611
2025-01-27 08:24:47,1.0474480151228733,0.077574,0.07406
2025-01-27 16:40:47,1.0474982411727662,41441.512228,39562.369271
2025-01-27 19:14:23,1.047516379107213,15039.205621,14357.012378
2025-01-27 21:12:23,1.0475302759074003,3392.616192,3238.6808
2025-01-27 21:55:47,1.0475353841124997,6963.701723,6647.700716
2025-01-28 00:18:23,1.047552147288512,5521.412129,5270.775439
2025-01-28 00:54:35,1.0475563987932255,3632.086601,3467.199098
2025-01-28 13:57:35,1.0476483014338174,106.853866,101.994024
2025-01-28 20:46:11,1.0476974948553768,727.3717,694.257363
2025-01-28 21:44:47,1.0477049007607162,7430.0,7091.691558
2025-01-28 23:25:47,1.0477176462,5238.588231,5000.0
2025-01-29 03:37:35,1.0477494561142857,36671.230964,35000.0
2025-01-29 22:28:59,1.0478934270945084,1886.083197,1799.88074
2025-01-30 00:24:59,1.0479081861806006,499.370013,476.539853
2025-01-30 08:22:59,1.0479806271548184,0.076599,0.073092
2025-01-30 08:22:59,1.047968997940846,3204.26,3057.59045
2025-01-30 15:22:23,1.048022330349661,142757.40912,136215.999398
2025-01-30 15:36:35,1.0480240907570118,23279.612544,22212.860133
2025-01-30 16:39:47,1.0480319583263331,35667.665338,34032.993989
2025-01-30 17:26:11,1.0480377703649302,808.826503,771.7532
2025-01-30 18:57:23,1.0480491983614797,40369.677428,38518.8763
2025-01-31 02:12:35,1.0481041258768997,197139.30826,188091.338821
2025-01-31 06:21:23,1.04813511054859,1.06,1.01132
2025-02-01 03:08:47,1.0482865634462206,11602.236862,11067.810336
2025-02-01 06:13:59,1.0483091047018966,167728.212965,159998.81353
2025-02-01 15:52:11,1.048381585360598,30063.245012,28675.861377
2025-02-01 21:25:59,1.0484232191816074,100.0,95.381329
2025-02-02 09:23:23,1.0485210340377271,0.080431,0.076709
2025-02-02 11:28:23,1.048528273245351,41265.88,39356.001219
2025-02-03 12:10:59,1.0487145913283193,16767.491464,15988.612729
2025-02-03 17:45:11,1.0487576175384317,24259.609398,23131.759896
2025-02-03 18:59:59,1.0487682479120335,10.0,9.534995
2025-02-03 19:07:47,1.048769301795051,10.000009,9.534994
2025-02-04 01:57:23,1.0488273000639892,6326.153354,6031.644441
2025-02-04 01:59:11,1.048827554588228,70000.0,66741.19086
2025-02-04 10:54:23,1.0489023127246506,25000.0,23834.440726
2025-02-04 16:11:47,1.0489464579181234,33089.926553,31545.86805
2025-02-04 18:53:11,1.0489690390570494,6351.857734,6055.333854
2025-02-04 22:45:11,1.0490065745522739,1062034.883271,1012419.663551
2025-02-04 22:52:35,1.0490077645288145,137639.65857,131209.380163
2025-02-05 08:31:23,1.0490989768139154,100.074248,95.390664
2025-02-05 08:31:23,1.0491012223376208,0.065658,0.062585
2025-02-05 16:33:23,1.0491749541146407,25006.498254,23834.440725
2025-02-05 16:58:23,1.0491789093333332,9442.610184,9000.0
2025-02-05 19:52:59,1.0492065720000001,4196.826288,4000.0
2025-02-06 01:51:47,1.0492634618568915,50.68777,48.307953
2025-02-06 15:52:11,1.049396722035206,7048.34014,6716.5639
2025-02-06 18:50:47,1.0494250763218118,1304.041953,1242.625112
2025-02-07 01:19:35,1.0494868234978552,299.66,285.530026
2025-02-07 08:38:59,1.0495566036695558,285.730066,272.238834
2025-02-07 08:38:59,1.125,9e-06,8e-06
2025-02-07 19:39:35,1.049661741,2099.323482,2000.0
2025-02-08 01:28:47,1.049718605983052,6532.346967,6222.950541
2025-02-08 17:45:11,1.0498789052936215,6290.103381,5991.265611
2025-02-08 19:44:35,1.0498985436600194,20021.057609,19069.516507
2025-02-09 11:25:47,1.050053831174004,250106.344576,238184.307462
2025-02-09 12:06:11,1.0500602605272489,250107.875946,238184.307461
2025-02-09 13:34:23,1.050074815152889,3000.0,2856.939293
2025-02-10 08:31:47,1.0502751679892972,0.069085,0.065778
2025-02-11 08:22:47,1.0505104782375068,0.02346,0.022332
2025-02-11 08:22:47,1.0504980094076475,0.944903,0.899481
2025-02-12 03:37:59,1.0506830652577843,1119.628888,1065.62
2025-02-12 16:23:23,1.0507899215107261,76468.961893,72772.8353
2025-02-12 19:13:23,1.0508139275000001,420.325571,400.0
2025-02-13 03:55:11,1.0508876274610286,43488.215816,41382.365421
2025-02-13 10:00:11,1.0509388538413955,17302.135942,16463.503922
2025-02-13 14:56:59,1.050980405663898,400000.0,380597.010034
2025-02-13 15:24:11,1.050983992131185,52.109944,49.582053
2025-02-13 17:13:35,1.0509983226551085,15868.186232,15098.203194
2025-02-13 17:45:11,1.0510014506385157,48163.881029,45826.655139
2025-02-14 04:02:47,1.0510630027045424,427135.292513,406384.10011
2025-02-14 05:25:35,1.0510707823636598,73.743577,70.160429
2025-02-14 08:40:59,1.05108915989278,263792.72186,250970.832852
2025-02-14 08:40:59,1.051100769643816,0.07047,0.067044
2025-02-15 08:27:11,1.051238241304377,54554.362394,51895.336614
2025-02-15 08:27:11,1.051243579345769,0.155542,0.14796
2025-02-16 08:28:35,1.051418269806665,0.175549,0.166964
2025-02-16 08:28:35,1.0514132391546827,467.53765,444.675445
2025-02-16 13:51:59,1.0514525053472106,10401.257489,9892.275149
2025-02-16 15:43:23,1.0514660506581182,17790.155401,16919.381648
2025-02-16 15:45:59,1.0514663673170732,4311.012106,4100.0
2025-02-16 19:25:47,1.0514931770921023,50.0,47.551426
2025-02-17 05:43:23,1.05156861375,21031.372275,20000.0
2025-02-17 07:49:47,1.0515841228190719,50712.470168,48224.834388
2025-02-17 08:49:35,1.0515914402414703,12.7398,12.114781
2025-02-17 08:49:35,1.0515935383997257,0.177978,0.169246
2025-02-17 10:28:23,1.051603454727657,232.139901,220.748515
2025-02-17 13:05:11,1.0516225745108811,150000.022,142636.745954
2025-02-17 16:35:11,1.05164769865,21032.953973,20000.0
2025-02-17 23:32:11,1.0516977230544426,10114.66895,9617.467765
2025-02-18 00:01:35,1.0517012456149697,32918.248525,31299.99956
2025-02-18 08:25:35,1.051762193461467,0.146765,0.139542
2025-02-18 08:25:35,1.0517619419013111,10.406668,9.894509
2025-02-18 13:22:35,1.051797624848905,15000.0,14261.298605
2025-02-18 17:08:11,1.0518247219445096,500000.0,475364.37352
2025-02-18 17:45:11,1.0518289040585336,35971.77381,34199.263465
2025-02-18 20:12:59,1.0518456567151069,26.992154,25.661706
2025-02-18 20:24:47,1.0518470267071032,86.394601,82.136089
2025-02-18 20:39:23,1.0518486709520423,86.394735,82.136088
2025-02-18 22:08:23,1.051858781437769,6000.0,5704.187773
2025-02-19 05:13:11,1.051906972275881,500.0,475.327204
2025-02-19 06:38:23,1.0519166375663571,50727.62793,48224.0
2025-02-19 10:40:35,1.0519442981613878,39.960855,37.987615
2025-02-19 12:44:59,1.051958485328556,82.87,78.776873
2025-02-19 13:24:11,1.0519629595952205,32.0,30.419322
2025-02-19 14:02:59,1.0519673962144898,33.021488,31.39022
2025-02-19 16:33:35,1.0519845924076132,30.25,28.755174
2025-02-19 16:48:47,1.0519863520920525,20.291264,19.288524
2025-02-19 17:38:47,1.0519920133485927,53722.069374,51066.993563
2025-02-19 17:40:11,1.0519921721374714,35090.590297,33356.322629
2025-02-19 18:26:23,1.05199739,2103.99478,2000.0
2025-02-20 00:33:11,1.0520388350340273,113.803331,108.174078
2025-02-20 01:43:35,1.052046834176646,14.13,13.430961
2025-02-20 08:42:59,1.0520941800835764,113.409843,107.794383
2025-02-20 09:02:47,1.052098569689932,0.471135,0.447805
2025-02-20 09:02:47,1.0520964125718675,1251.550458,1189.577726
2025-02-20 13:14:23,1.0521248382308075,1023106.881205,972419.66355
2025-02-20 13:19:47,1.052125532002093,1013109.287806,962916.740437
2025-02-20 13:32:23,1.0521269719662532,19.588864,18.618346
2025-02-20 14:11:47,1.052131414166939,1013114.951841,962916.740437
2025-02-20 14:22:59,1.0521334666942246,1.140277,1.083776
2025-02-20 15:37:59,1.0521424909404058,136.629027,129.857912
2025-02-21 03:33:35,1.0522344356114843,7998.0,7600.96774
2025-02-21 05:01:35,1.05224590590669,3.197467,3.038707
2025-02-21 05:06:47,1.0522461827010567,4.337867,4.122483
2025-02-21 06:27:47,1.0522567966749412,12000.009115,11404.069
2025-02-21 08:13:59,1.0522704514589099,8099.427451,7697.09673
2025-02-21 08:33:59,1.0522730202928305,2518.181342,2393.087434
2025-02-21 08:33:59,1.0522737157492872,0.653241,0.62079
2025-02-21 10:56:59,1.0522913983753441,58.5584,55.648464
2025-02-21 14:03:59,1.0523153922495856,138073.650352,131209.380162
2025-02-21 17:33:47,1.0523401405534076,100114.377451,95134.99827
2025-02-21 17:35:47,1.0523403257247192,73999.900094,70319.361793
2025-02-22 02:50:23,1.052406293559346,300.493569,285.53
2025-02-22 05:39:35,1.0524264273153305,152104.585992,144527.524247
2025-02-22 06:08:11,1.0524297615160674,302219.940036,287164.0
2025-02-22 08:20:47,1.0524460214282367,0.651362,0.618903
2025-02-22 08:20:47,1.0524458681454534,3747.0,3560.278123
2025-02-22 19:26:23,1.0525266813333334,789.395011,750.0
2025-02-23 08:31:35,1.0526220431843947,709.589376,674.116014
2025-02-23 08:31:35,1.0526224895650396,0.79237,0.752758
2025-02-23 11:35:59,1.0526444376407638,15688.675772,14904.059919
2025-02-23 14:37:59,1.0526665053139448,100.0,94.996848
2025-02-23 15:54:35,1.0526758363116338,11.812544,11.221445
2025-02-23 16:26:35,1.0526796560461522,25000.0,23748.91531
2025-02-23 17:34:35,1.0526878689610655,7512.110343,7136.123218
2025-02-23 17:45:11,1.0526891503974685,661.309608,628.209769
2025-02-23 17:45:11,1.0526891510906742,439.036728,417.062081
2025-02-24 19:12:47,1.052873883110473,7977.173681,7576.570954
2025-02-24 20:09:47,1.052880769659319,6956.371316,6606.98867
2025-02-25 08:17:23,1.05296875435356,24.98,23.723401
2025-02-25 08:17:23,1.052968962508348,1.29603,1.230834
2025-02-25 12:34:59,1.0530001289925157,4.0,3.79867
2025-02-25 16:59:35,1.0530318890914514,54897.06961,52132.390461
2025-02-25 21:59:11,1.0530683949060717,5148.714257,4889.249627
2025-02-25 22:37:47,1.0530730953023892,3276.825156,3111.678734
2025-02-26 08:37:47,1.0531463877414546,0.658286,0.625066
2025-02-26 08:37:47,1.0531461266775493,3459.422948,3284.846101
2025-02-26 13:04:23,1.05317859610038,843465.391688,800875.933874
2025-02-26 19:25:23,1.053220137162223,1400.634152,1329.85888
2025-02-26 21:04:35,1.0532309584018158,83.150998,78.948494
2025-02-26 21:10:11,1.0532315633716751,220.933713,209.767463
2025-02-27 07:38:59,1.0533001150055745,5224.864521,4960.470854
2025-02-27 12:56:11,1.0533347274291265,100.812973,95.708392
2025-02-27 18:24:59,1.0533705978396994,49128.055418,46638.908964
2025-02-28 16:51:35,1.05351665774,210703.331548,200000.0
2025-02-28 17:12:47,1.053519019,42140.76076,40000.0
2025-02-28 17:45:11,1.0535226464309073,640.569798,608.026605
2025-02-28 17:45:11,1.0535226472729096,10332.14462,9807.235418
2025-03-01 02:26:11,1.0535809200000001,1053.58092,1000.0
2025-03-01 08:32:47,1.0536219335719061,49960.172362,47417.551562
2025-03-01 08:32:47,1.053622299278248,1.801554,1.709867
2025-03-02 08:13:23,1.0537091546389663,101.855394,96.66367
2025-03-02 08:29:47,1.0537091981401867,21.840259,20.727027
2025-03-02 08:29:47,1.053709605445966,0.665896,0.631954
2025-03-03 04:52:59,1.0537091551694862,500.0,474.514241
2025-03-03 05:46:23,1.05370915,210.74183,200.0
2025-03-03 07:17:47,1.0537091518458206,289.258167,274.51424
2025-03-03 09:16:23,1.0537091544181616,26374.89511,25030.526687
2025-03-03 14:04:23,1.0537091543995936,61487.166924,58353.072731
2025-03-03 14:26:11,1.0537091543939945,23838.135989,22623.070028
2025-03-03 18:16:11,1.0537102446663094,316.348467,300.223395
2025-03-03 20:36:59,1.0537169615882382,813.209437,771.7532
2025-03-03 21:28:11,1.0537194046167018,4229.049547,4013.449433
2025-03-03 21:42:47,1.0537201008567487,3548.132662,3367.243976
2025-03-04 07:26:11,1.0537479034728034,25184.574893,23900.0
2025-03-04 09:42:23,1.0537544273971247,55.0,52.194324
2025-03-05 03:25:35,1.0538052510980638,11086.307054,10520.26173
2025-03-05 08:38:59,1.053820237563014,38.839233,36.855653
2025-03-05 08:38:59,1.0538206600382767,2.009264,1.906647
2025-03-05 10:03:35,1.0538243092428232,15706.260648,14904.059918
2025-03-05 14:36:23,1.053837396759691,32.057017,30.41932
2025-03-05 17:45:11,1.0538464584286023,2846.837576,2701.377941
2025-03-05 21:26:35,1.0538570866945582,1046.841637,993.343073
2025-03-05 23:21:35,1.053862604429222,343.449953,325.896328
2025-03-06 07:41:11,1.0538865914746687,190.0,180.285053
2025-03-06 20:10:59,1.0539225808379376,495.140774,469.807539
2025-03-07 15:31:47,1.0539791289189189,3899.722777,3700.0
2025-03-08 08:30:23,1.0540316379907984,0.418108,0.396675
2025-03-08 13:57:23,1.054045005317527,138121.131669,131039.121643
2025-03-09 18:52:35,1.0541284871362124,859.953116,815.795348
2025-03-10 00:16:59,1.054144098679821,5626.118863,5337.144011
2025-03-10 00:32:59,1.05414486,105.414486,100.0
2025-03-10 08:19:11,1.0541672878177553,999.2,947.857149
2025-03-10 08:24:23,1.0541675372098185,3011.998697,2857.229606
2025-03-10 09:04:11,1.0541694418820373,101.899886,96.663669
2025-03-10 14:08:59,1.054184114551163,1302.3874,1235.44586
2025-03-10 16:30:23,1.0541909146666666,3162.572744,3000.0
2025-03-10 16:48:59,1.0541918097209904,13765.583402,13057.949488
2025-03-10 19:31:59,1.054199666,2108.399332,2000.0
2025-03-10 20:16:59,1.0542018369966701,1000.0,948.584953
2025-03-10 21:16:35,1.0542047090726572,3961.172379,3757.498278
2025-03-10 22:50:11,1.054209223844649,10138.82323,9617.467767
2025-03-10 22:51:35,1.0542092915861125,10138.82323,9617.467149
2025-03-11 04:21:11,1.0542251890296916,2000.761275,1897.85
2025-03-11 15:04:47,1.054256241607871,26600.369999,25231.408598
2025-03-11 15:10:23,1.0542565129448225,5000.0,4742.678787
2025-03-11 19:23:59,1.05426878125,506.049015,480.0
2025-03-12 04:04:47,1.0542919980976075,326.22,309.42092
2025-03-12 05:47:35,1.0542953961442039,27854.335507,26419.858807
2025-03-12 09:35:23,1.0543029265340635,10.0,9.48494
2025-03-12 10:36:23,1.0543049123197343,26389.807243,25030.526686
2025-03-12 12:11:23,1.0543080531894737,100159.265053,95000.0
2025-03-12 14:44:35,1.0543131832905328,10139.822404,9617.467148
2025-03-13 06:38:47,1.0543451791504375,35000.0,33195.959627
2025-03-13 08:19:47,1.054348711924708,1.500722,1.423364
2025-03-13 09:20:47,1.054350587132744,32630.350191,30948.292332
2025-03-13 09:36:59,1.0543511256672722,22268.824746,21120.881084
2025-03-13 11:10:35,1.054352236988942,0.249426,0.236568
2025-03-13 11:11:23,1.054353866495764,1.485573,1.408989
2025-03-13 11:16:47,1.0543545523208822,9.548277,9.05604
2025-03-13 11:18:11,1.0543544418973414,9.548276,9.05604
2025-03-13 11:19:23,1.0543546163878366,8.354396,7.923706
2025-03-13 11:21:35,1.0543545716461273,8.353743,7.923087
2025-03-13 11:22:23,1.054354734389839,7.518262,7.130676
2025-03-13 11:24:11,1.0543544444444444,2.846757,2.7
2025-03-13 11:30:11,1.054354931438394,14.134038,13.405389
2025-03-13 11:33:23,1.0543549110790316,4.671505,4.430676
2025-03-13 11:34:35,1.0543550060352593,14.134039,13.405389
2025-03-13 11:35:11,1.0543551197996852,12.887545,12.223154
2025-03-13 11:35:59,1.0543550379877404,12.887544,12.223154
2025-03-13 11:36:59,1.0543551636852841,11.637501,11.037553
2025-03-13 11:40:11,1.054355150043013,11.637271,11.037335
2025-03-13 18:43:59,1.0543708311771125,1368.277998,1297.719889
2025-03-13 22:17:23,1.0543854072828203,35170.851505,33356.732047
2025-03-14 01:14:11,1.0543975377217722,10000.069866,9484.155177
2025-03-14 08:26:59,1.054426870060288,1.496082,1.418858
2025-03-14 11:57:47,1.0544416415640672,36432.938639,34551.877698
2025-03-14 17:42:11,1.05446513472191,300.0,284.504428
2025-03-14 18:09:59,1.054467030335974,12278.178107,11643.965865
2025-03-15 06:34:23,1.05451788953308,14834.362499,14067.435599
2025-03-15 12:06:11,1.0545405748986125,4.0,3.793121
2025-03-15 13:26:47,1.0545460072171864,32.576257,30.891262
2025-03-15 18:13:59,1.0545656078694385,100.0,94.825774
2025-03-15 18:32:59,1.0545668944394802,100.000122,94.825774
2025-03-15 21:16:47,1.0545780695129978,13151.16026,12470.542144
2025-03-15 23:37:59,1.054587706573055,100.587977,95.381329
2025-03-16 08:31:23,1.0544747081712063,0.002439,0.002313
2025-03-17 03:30:47,1.0547021257521343,25.0,23.703375
2025-03-17 13:45:59,1.054744426516655,11235.642279,10652.478455
2025-03-17 15:57:59,1.0547547619536852,0.615981,0.584004
2025-03-17 15:58:59,1.0547536322287145,10.0,9.480887
2025-03-17 21:02:47,1.0547745310789718,13555.523637,12851.584142
2025-03-18 01:33:11,1.054793135,210.958627,200.0
2025-03-18 20:25:59,1.0548818733438403,163.215063,154.723545
2025-03-19 14:37:11,1.0549718112656268,52.968587,50.208533
2025-03-19 17:33:59,1.0549864243247973,480.0,454.982158
2025-03-19 20:05:47,1.0549989512990845,326.438744,309.420918
2025-03-19 22:23:35,1.0550103305215257,35640.027263,33781.685574
2025-03-20 06:41:59,1.0550516679021837,20000.0,18956.417594
2025-03-20 12:27:11,1.0550803209571429,11.11,10.530004
2025-03-20 17:29:11,1.0551052142784239,98022.145161,92902.720823
2025-03-20 17:40:23,1.0551061527493752,31889.559997,30224.029984
2025-03-20 17:56:11,1.0551074711488673,54250.858149,51417.376554
2025-03-20 18:13:47,1.0551089501705249,43965.264337,41668.933175
2025-03-20 20:28:23,1.0551201969451285,47988.490233,45481.538854
2025-03-20 21:16:47,1.0551242654010953,1052.094111,997.128154
2025-03-20 23:53:59,1.0551374856979983,67123.614365,63615.988698
2025-03-21 05:56:59,1.0551677485702937,28466.736306,26978.398785
2025-03-21 08:31:35,1.0551810207144519,0.525898,0.498396
2025-03-21 08:31:35,1.0551805981236637,16.17455,15.328703
2025-03-22 02:26:35,1.0552698968663112,98479.347181,93321.478679
2025-03-22 08:49:11,1.0553020920061251,27086.642434,25667.192967
2025-03-22 14:50:35,1.0553326124813063,77156.448186,73111.024215
2025-03-22 17:20:35,1.0553451542307692,2743.897401,2600.0
2025-03-22 18:06:47,1.0553490181907805,927.14502,878.519811
2025-03-22 18:30:35,1.055351010207711,80.0,75.804163
2025-03-22 20:55:11,1.0553630801687763,25.012105,23.7
2025-03-22 21:25:59,1.0553656826957005,39962.942353,37866.440996
2025-03-23 07:53:35,1.055418460308139,36747.299555,34817.753277
2025-03-23 12:59:59,1.0554443521936363,5579.850537,5286.731153
2025-03-23 14:33:47,1.0554522847554353,37628.657135,35651.689497
2025-03-24 00:03:11,1.0554936634906604,71494.864465,67735.948531
2025-03-24 00:38:59,1.0554959399868202,56918.609266,53925.938613
2025-03-24 08:31:47,1.0555269694973237,1.214407,1.150522
2025-03-24 09:30:23,1.0555299841362897,1224.288118,1159.88
2025-03-24 09:33:59,1.0555302153000001,10555.302153,10000.0
2025-03-24 11:25:59,1.0555373918978534,35.897445,34.008691
2025-03-24 12:24:23,1.055541149499752,70073.034381,66385.885964
2025-03-24 15:36:11,1.055553345147315,10296.08499,9754.206206
2025-03-24 17:51:35,1.0555619432399308,75413.631689,71444.060836
2025-03-24 19:30:59,1.0555683177559299,72724.91718,68896.456967
2025-03-24 19:40:59,1.0555689995854278,3.877809,3.673667
2025-03-24 19:43:59,1.055569201355379,17.336088,16.42345
2025-03-24 22:35:23,1.0555800313675858,1928.124094,1826.601524
2025-03-25 16:01:47,1.0556389261862764,0.120289,0.113949
2025-03-25 20:53:59,1.0556650961738487,68599.766156,64982.508567
2025-03-25 21:16:59,1.055666570919626,6968.199064,6600.757527
2025-03-25 21:50:11,1.0556687019100277,10000.0,9472.668823
2025-03-25 22:13:35,1.0556702013333334,1583.505302,1500.0
2025-03-26 05:21:35,1.055697642105263,802.330208,760.0
2025-03-26 05:22:23,1.055697675,42.227907,40.0
2025-03-26 08:26:11,1.0557095246901687,0.81632,0.773243
2025-03-26 08:26:11,1.0557136184126714,0.124305,0.117745
2025-03-26 11:03:23,1.05571955975,4222.878239,4000.0
2025-03-26 16:42:23,1.055741310553328,24363.421002,23077.074619
2025-03-26 18:46:35,1.0557493051259015,13472.66245,12761.2326
2025-03-26 19:41:23,1.0557528389661586,19649.714922,18612.040808
2025-03-26 21:28:11,1.0557597081071404,35772.618114,33883.29545
2025-03-26 21:34:59,1.0557601433987007,42669.530904,40415.932701
2025-03-27 12:20:23,1.0558171435564099,101.05056,95.708391
2025-03-27 14:16:11,1.0558246044183954,14.999492,14.206424
2025-03-27 21:51:59,1.0558539496688752,2508.75824,2376.04665
2025-03-27 22:38:47,1.0558569623941492,1469.542755,1391.80098
2025-03-28 08:22:47,1.056013527795392,0.004996,0.004731
2025-03-28 08:22:47,1.0558966711986317,0.770416,0.729632
2025-03-28 08:47:47,1.055897557422349,70.0,66.29431
2025-03-28 15:24:23,1.055929221140112,5337.43075,5054.723975
2025-03-28 15:48:47,1.0559311714448565,4201.79061,3979.227741
2025-03-29 08:29:47,1.0560112979092116,0.375374,0.355464
2025-03-29 08:29:47,1.0560112812646147,19.671809,18.628408
2025-03-29 19:25:59,1.0560637277802436,52081.888064,49316.993562
2025-03-29 19:35:47,1.0560645171488476,35226.42875,33356.322628
2025-03-29 19:56:59,1.0560662316258702,480.491292,454.982157
2025-03-30 03:13:35,1.0561015690959776,5303.74208,5022.0
2025-03-30 21:16:59,1.056189326716006,6764.426931,6404.559069
2025-03-30 23:52:23,1.0562019270842105,100339.183073,95000.0
2025-03-31 09:41:11,1.0562503182739937,200013.672769,189362.0
2025-03-31 12:04:23,1.0562624147075985,10591.84,10027.659654
2025-03-31 12:06:47,1.0562626171450928,49993.0,47330.085519
2025-03-31 12:54:11,1.0562665657347332,10.018625,9.48494
2025-03-31 12:56:23,1.0562667721113692,60065.652242,56865.986726
2025-03-31 13:45:47,1.0562708763037911,4318.731747,4088.659305
2025-03-31 15:06:47,1.056277609023355,800.809225,758.142763
2025-03-31 20:53:11,1.0563064090025265,154.865221,146.610131
2025-03-31 22:51:59,1.0563162898492653,15000.0,14200.292227
2025-04-01 01:36:23,1.0563299323672741,949.852078,899.200192
2025-04-01 08:15:35,1.0563633141253166,1.102669,1.043835
2025-04-01 08:15:35,1.056363055541317,998.747862,945.458909
2025-04-01 09:15:47,1.0563680499894736,100354.964749,95000.0
2025-04-01 10:02:35,1.0563720254940598,10.0,9.466362
2025-04-01 10:07:59,1.0563723483606848,10.000002,9.466361
2025-04-01 12:11:11,1.0563828043749055,20500.0,19405.844089
2025-04-01 15:29:35,1.0563994461988073,974.852771,922.806969
2025-04-01 17:26:59,1.0564092849764304,70.903322,67.117284
2025-04-01 18:47:11,1.0564160248822902,30765.260873,29122.29666
2025-04-02 05:18:59,1.0564689383541206,0.495691,0.469196
2025-04-02 09:07:59,1.0564879452339389,30295.701864,28675.861377
2025-04-02 10:59:23,1.0564972935544346,334.0,316.139002
2025-04-02 13:12:11,1.0565084347403846,24841.819085,23513.128971
2025-04-02 14:32:47,1.0565152207500663,60645.846339,57401.772495
2025-04-02 18:03:11,1.0565330852070531,24600.168566,23283.860118
2025-04-02 20:50:47,1.0565468948226922,6182.520812,5851.629343
2025-04-02 21:39:47,1.0565509031748317,703.149833,665.514393
2025-04-02 21:46:23,1.0565514418116262,20251.14082,19167.207595
2025-04-02 22:39:35,1.056555804504847,100053.721575,94698.0
2025-04-03 04:27:11,1.0565847163231865,23601.48,22337.517887
2025-04-03 07:28:47,1.056599872977872,2526.0,2390.687397
2025-04-03 09:13:47,1.0566086328338842,26053.592482,24657.750914
2025-04-03 12:06:59,1.0566230298114068,5171.543238,4894.40708
2025-04-03 13:53:23,1.0566318931819934,52.0,49.212976
2025-04-03 18:49:23,1.056656504845283,15382.080043,14557.313538
2025-04-03 18:49:23,1.0566565047765888,7691.040021,7278.656769
2025-04-03 21:04:35,1.0566677892518441,2005.555464,1898.0
2025-04-04 03:05:47,1.0566979470526316,10038.630497,9500.0
2025-04-04 08:11:23,1.0567244116624106,0.586388,0.554911
2025-04-04 08:57:47,1.0567273804500001,84538.190436,80000.0
2025-04-04 18:23:23,1.056775256996072,1035.003105,979.397557
2025-04-04 18:32:59,1.0526315789473684,0.0001,9.5e-05
2025-04-04 18:34:23,1.0567761855686628,99.9998,94.627227
2025-04-04 19:22:11,1.056780233712858,45247.032606,42815.933874
2025-04-04 21:16:59,1.056790014635226,34782.995938,32913.819639
2025-04-04 21:16:59,1.0567900136682966,447.392568,423.350488
2025-04-05 09:45:59,1.0568535144909545,976.850699,924.300942
2025-04-05 13:50:23,1.0568742343149784,132.127392,125.017138
2025-04-06 01:36:35,1.056934131734218,1951.58788,1846.461214
2025-04-06 08:29:59,1.0569692046764876,999.2,945.344477
2025-04-06 15:45:35,1.0570061577174246,24978.0,23630.893555
2025-04-06 15:53:11,1.0570068001305302,40000.0,37842.708292
2025-04-06 16:25:47,1.0570095411198772,500.0,473.032627
2025-04-06 16:27:47,1.0570097080530618,59500.0,56290.873723
2025-04-06 23:50:11,1.0570465692387137,208.849146,197.577999
2025-04-07 16:44:47,1.0571364210493552,25039.385482,23686.049391
2025-04-08 03:49:23,1.0571989115573412,12.400329,11.729419
2025-04-09 03:57:11,1.0573357565,2114.671513,2000.0
2025-04-09 08:41:11,1.0573987081620668,0.007203,0.006812
2025-04-09 10:09:11,1.0573724855370148,16700.0,15793.866616
2025-04-09 14:34:59,1.0573986677483214,51346.595852,48559.353646
2025-04-09 14:56:47,1.057400830970511,10969.500804,10374.023249
2025-04-09 19:31:47,1.0574281636363638,4652.68392,4400.0
2025-04-09 21:49:35,1.0574418696187196,9517.340889,9000.344286
2025-04-10 00:44:59,1.0574602765047132,1.0,0.945662
2025-04-10 08:55:35,1.057508,0.528754,0.5
2025-04-10 08:56:59,1.0575083469349724,348964.715013,329987.669624
2025-04-10 20:21:11,1.0575801161513665,20000.0,18911.096847
2025-04-10 20:21:23,1.0575800956945207,6.557151,6.200146
2025-04-10 21:01:35,1.0575843416479276,3073.439955,2906.094421
2025-04-10 22:19:59,1.057590730194632,0.471328,0.445662
2025-04-11 00:16:59,1.0576056653820283,1.0,0.945532
2025-04-11 00:19:47,1.0576046077763628,0.999999,0.945532
2025-04-11 04:10:23,1.0576291661021602,334.357828,316.139001
2025-04-11 12:32:11,1.0576816370883644,340.934531,322.341354
2025-04-11 15:55:59,1.057702944120886,11518.356806,10889.973286
2025-04-13 13:29:11,1.0579773238092722,341.029842,322.341353
2025-04-13 20:34:47,1.0580172899388969,18.628758,17.607234
2025-04-14 11:24:23,1.0581009265034027,7.0,6.615626
2025-04-14 15:21:59,1.058123123,1058.123123,1000.0
2025-04-14 15:28:23,1.0581237241869,10231.288578,9669.274343
2025-04-14 21:49:47,1.0581596034071556,394.049097,372.390985
2025-04-14 21:49:47,1.0581596010537924,551.42758,521.119479
2025-04-15 07:57:23,1.0582167664827205,100000.0,94498.597232
2025-04-15 11:34:23,1.0582368785,2116.473757,2000.0
2025-04-15 22:53:47,1.058299870292887,505.867338,478.0
2025-04-16 01:43:23,1.058315599107143,1185.313471,1120.0
2025-04-16 07:01:11,1.058345076127687,7827.725339,7396.193846
2025-04-16 15:57:47,1.058394910974145,251.0,237.151556
2025-04-16 16:21:11,1.0583970786107644,251.000513,237.151555
2025-04-16 16:24:11,1.0583973642400588,251.000513,237.151491
2025-04-17 04:21:35,1.0584639905689148,20000.0,18895.305063
2025-04-17 14:45:11,1.0585171689775759,8.726659,8.24423
2025-04-17 18:37:59,1.058535772,2117.071544,2000.0
2025-04-18 14:06:11,1.0586292946145122,4657.815701,4399.855289
2025-04-19 20:08:11,1.0587736923112596,20.0,18.889778
2025-04-19 21:32:23,1.0587804360832818,251.091358,237.15149
2025-04-19 21:49:47,1.05878183186006,1849.661109,1746.970956
2025-04-20 00:02:47,1.0587925030545107,50.0,47.223606
2025-04-20 11:15:35,1.0588464331791743,20.001373,18.889777
2025-04-21 02:06:23,1.0589178606001521,579861.955905,547598.616928
2025-04-21 08:08:11,1.0589445611066313,30000.0,28330.094985
2025-04-21 13:13:23,1.05896699309223,50000.0,47215.824786
2025-04-21 19:32:11,1.0589946449738878,286.857805,270.877484
2025-04-22 02:45:59,1.05902631852,26475.657963,25000.0
2025-04-22 18:10:11,1.0590940446390935,14500.0,13690.946591
2025-04-22 18:50:23,1.0590969848725635,11844.350192,11183.442462
2025-04-23 05:45:47,1.0591378741710382,511.440747,482.884013
2025-04-24 21:49:59,1.0592855005470831,810.487666,765.126744
2025-04-25 01:04:11,1.0592974366527421,50.0,47.201096
2025-04-25 02:44:47,1.0593036083419896,30006.316171,28326.455168
2025-04-25 06:58:35,1.059319133862555,3000.0,2832.007753
2025-04-25 08:46:23,1.0593257255303945,14997.933621,14157.999999
2025-04-25 09:49:59,1.0593296225308302,13029.750516,12299.996374
2025-04-25 14:20:47,1.059346254168937,55.174378,52.083422
2025-04-25 20:44:59,1.0593698136687295,55.175604,52.083421
2025-04-25 20:47:59,1.0593700170674305,55.175604,52.083411
2025-04-26 15:18:47,1.0594381875,50.853033,48.0
2025-04-26 22:10:59,1.0594635141919246,19503.11803,18408.484831
2025-04-29 01:18:11,1.0597016872,5298.508436,5000.0
2025-04-29 09:36:59,1.059742605565548,8156.941345,7697.096731
2025-04-29 14:03:59,1.0597675234763004,0.099651,0.094031
2025-04-29 16:56:59,1.0597787431790189,7483.127532,7061.028144
2025-04-29 21:49:59,1.0598028361927276,395.165626,372.867115
2025-04-29 21:49:59,1.0598028315346024,396.084893,373.734511
2025-04-30 02:42:59,1.0598269336531805,25.0,23.588757
2025-04-30 08:46:11,1.059856774891331,40.261429,37.987613
2025-04-30 08:58:35,1.0598578097209002,2369.778824,2235.940333
2025-04-30 15:29:35,1.0598899734185674,69717.0,65777.582342
2025-05-01 00:15:59,1.0599328684099114,40258.95669,37982.55332
2025-05-01 01:34:59,1.0599393397587566,50.057734,47.22698
2025-05-01 01:39:59,1.0599397416319987,25.002661,23.588757
2025-05-01 01:47:23,1.0599403623848478,75.0,70.758698
2025-05-01 08:26:23,1.0599730527290696,3900.0,3679.338819
2025-05-02 01:46:47,1.0600582689921738,25180.42,23753.807443
2025-05-02 09:07:23,1.060094485527705,2534.354523,2390.687394
2025-05-02 09:46:47,1.0600977238830573,503.893286,475.327203
2025-05-02 11:04:59,1.0601041561350366,803.710294,758.142763
2025-05-02 13:22:47,1.0601154904230454,59524.293192,56148.875976
2025-05-02 15:26:59,1.0601257899437555,3100.0,2924.18129
