datetime,Compound,Aave,Morpho,Sky
2024-05-05,0.0,107334.952555,0.0,0.0
2024-05-06,0.0,107334.952555,0.0,0.0
2024-05-07,0.0,107334.952555,0.0,0.0
2024-05-08,176007.687508,-38706.980392,0.0,0.0
2024-05-09,176007.687508,-38706.980392,0.0,0.0
2024-05-10,176007.687508,-38706.980392,0.0,0.0
2024-05-11,176007.687508,-38706.980392,0.0,0.0
2024-05-12,176007.687508,-38706.980392,0.0,0.0
2024-05-13,176007.687508,-38706.980392,0.0,0.0
2024-05-14,176007.687508,-90618.096137,0.0,101199.532467
2024-05-15,176007.687508,-103618.171336,0.0,101199.532467
2024-05-16,271541.54012,-103938.654441,0.0,208166.45898
2024-05-17,271541.54012,-309658.213782,0.0,157158.737062
2024-05-18,271541.54012,-309658.213782,0.0,157158.737062
2024-05-19,271541.54012,-309658.213782,0.0,157158.737062
2024-05-20,271541.54012,-309658.213782,0.0,157158.737062
2024-05-21,271541.54012,-125476.35981400002,0.0,157158.737062
2024-05-22,271541.54012,-125476.35981400002,0.0,157158.737062
2024-05-23,271541.54012,-125476.35981400002,0.0,157158.737062
2024-05-24,271541.54012,-99573.36456200003,0.0,157158.737062
2024-05-25,271541.54012,-99573.36456200003,0.0,157158.737062
2024-05-26,271541.54012,-141437.52708800003,0.0,209855.301188
2024-05-27,271541.54012,-141437.52708800003,0.0,209855.301188
2024-05-28,271541.54012,-222200.05589900003,0.0,290617.829999
2024-05-29,-599718.362245,703994.25628,0.0,165136.992269
2024-05-30,-599718.362245,702553.1715609999,0.0,165136.992269
2024-05-31,-599718.362245,702553.1715609999,0.0,165136.992269
2024-06-01,-599718.362245,681310.1189469999,0.0,165136.992269
2024-06-02,-599718.362245,681310.1189469999,0.0,165136.992269
2024-06-03,-599718.362245,681310.1189469999,0.0,165136.992269
2024-06-04,-599718.362245,681310.1189469999,0.0,165136.992269
2024-06-05,-599718.362245,681310.1189469999,0.0,165136.992269
2024-06-06,-506155.31526999996,681310.1189469999,0.0,165136.992269
2024-06-07,-380090.101179,681310.1189469999,0.0,223225.576123
2024-06-08,-839565.1111689999,1164522.3356309999,0.0,223225.576123
2024-06-09,-839565.1111689999,1164522.3356309999,0.0,223225.576123
2024-06-10,-226711.04321299994,352692.4811719998,0.0,422201.362626
2024-06-11,176772.35403100005,19646.21307599981,0.0,422201.362626
2024-06-12,-613170.124391,825864.1501599997,0.0,422201.362626
2024-06-13,-553595.841733,307724.6634869997,0.0,422201.362626
2024-06-14,36609.078085000045,307724.6485199997,0.0,422201.362626
2024-06-15,36609.078085000045,307724.6485199997,0.0,422201.362626
2024-06-16,36609.078085000045,307724.6485199997,0.0,422201.362626
2024-06-17,-709946.6730399999,1073181.7800099999,0.0,422201.362626
2024-06-18,-587035.5174609999,1070167.7875599999,0.0,422201.362626
2024-06-19,-587035.5174609999,1049116.808822,0.0,422201.362626
2024-06-20,-587035.5174609999,1132353.3696309999,0.0,422201.362626
2024-06-21,-587035.5174609999,1132353.3696309999,0.0,422201.362626
2024-06-22,-587035.5174609999,1116024.5660559998,0.0,490201.127399
2024-06-23,-587035.5174609999,1115619.3347619998,0.0,490201.127399
2024-06-24,-587035.5174609999,1068840.1582029997,0.0,402794.722603
2024-06-25,-587035.5174609999,973976.7296489998,0.0,402794.722603
2024-06-26,-587035.5174609999,960245.8818659998,0.0,402794.722603
2024-06-27,-587035.5174609999,1061999.3562909998,0.0,402794.722603
2024-06-28,-587035.5174609999,1061999.3562909998,0.0,500492.99963
2024-06-29,-587035.5174609999,1061999.3562909998,0.0,500492.99963
2024-06-30,-587035.5174609999,1061999.3562909998,0.0,500492.99963
2024-07-01,-587035.5174609999,1061999.3562909998,0.0,500492.99963
2024-07-02,-587035.5174609999,1102234.0876059998,0.0,416314.500357
2024-07-03,-749791.0040099999,967621.7928949998,0.0,416314.500357
2024-07-04,-749791.0040099999,966617.7639939998,0.0,416314.500357
2024-07-05,-749791.0040099999,915101.5683309998,0.0,416314.500357
2024-07-06,-749791.0040099999,900255.0794679999,0.0,416314.500357
2024-07-07,-749791.0040099999,913687.8705679999,0.0,346180.39032999997
2024-07-08,-749791.0040099999,913687.8705679999,0.0,346180.39032999997
2024-07-09,-749791.0040099999,913687.8705679999,0.0,346180.39032999997
2024-07-10,-145230.01892299985,309628.9637529999,0.0,346239.11442
2024-07-11,-145230.01892299985,309628.9637529999,0.0,346239.11442
2024-07-12,-145230.01892299985,309628.9637529999,0.0,346239.11442
2024-07-13,-145720.48247099985,309628.9637529999,10305.332601,346239.11442
2024-07-14,-145720.48247099985,309628.9637529999,10305.332601,346239.11442
2024-07-15,-145720.48247099985,309628.9637529999,10305.332601,346239.11442
2024-07-16,-780944.4697889999,964769.1749319999,13376.089131,436247.79851
2024-07-17,-780944.4697889999,954385.9999769998,13376.089131,486670.877927
2024-07-18,-780944.4697889999,951123.7560489998,13660.189131000001,486670.877927
2024-07-19,-780944.4697889999,951123.7560489998,13660.189131000001,486670.877927
2024-07-20,-780944.4697889999,909235.3460629998,13660.189131000001,486670.877927
2024-07-21,-1124305.6055309998,1204912.1292159997,13660.189131000001,581251.27376
2024-07-22,-1124305.6055309998,1204912.1292159997,13660.189131000001,662064.705309
2024-07-23,-1124305.6055309998,1110406.5461529996,13660.189131000001,662064.705309
2024-07-24,-1124305.6055309998,1110406.5461529996,13660.189131000001,662064.705309
2024-07-25,-1124305.6055309998,1110406.5461529996,13660.189131000001,662064.705309
2024-07-26,-642391.9793269999,417644.6991999997,13660.189131000001,892339.157259
2024-07-27,-642391.9793269999,417644.6991999997,13660.189131000001,892339.157259
2024-07-28,-1480733.897888,577549.0775899997,13660.189131000001,892339.157259
2024-07-29,-1480733.897888,424604.21058399964,13660.189131000001,892339.157259
2024-07-30,-1480733.897888,1678852.7767549995,13660.189131000001,892339.157259
2024-07-31,-1480733.897888,2138322.4542749994,13660.189131000001,432564.151555
2024-08-01,-1480733.897888,1700757.8394839994,13660.189131000001,870128.766346
2024-08-02,-1480733.897888,1640877.5884539995,13660.189131000001,870128.766346
2024-08-03,-1480733.897888,1614719.1277919994,13660.189131000001,870128.766346
2024-08-04,-1480733.897888,1612188.6804359993,13660.189131000001,870128.766346
2024-08-05,-1480733.897888,1538775.2355169994,13660.189131000001,870128.766346
2024-08-06,-551453.8180069999,589423.5769179994,13660.189131000001,870128.766346
2024-08-07,-464775.3471799999,644853.7369449994,13660.189131000001,870128.766346
2024-08-08,-464775.3471799999,544500.4361909995,13660.189131000001,870128.766346
2024-08-09,-464775.3471799999,544500.4361909995,13660.189131000001,870128.766346
2024-08-10,-464775.3471799999,544500.4361909995,13660.189131000001,870128.766346
2024-08-11,-464775.3471799999,544500.4361909995,13660.189131000001,870128.766346
2024-08-12,-464775.3471799999,544500.4361909995,13660.189131000001,870128.766346
2024-08-13,-464775.3471799999,597585.8319389995,13660.189131000001,870128.766346
2024-08-14,700200.7777960001,137198.65952899947,13660.189131000001,-7341.915786999976
2024-08-15,700200.7777960001,137198.65952899947,13660.189131000001,-7341.915786999976
2024-08-16,700200.7777960001,137159.0861949995,13660.189131000001,-7341.915786999976
2024-08-17,700200.7777960001,134987.04033999948,13660.189131000001,-7341.915786999976
2024-08-18,700200.7777960001,134987.04033999948,13660.189131000001,-7341.915786999976
2024-08-19,700200.7777960001,130712.65332099948,13660.189131000001,-7341.915786999976
2024-08-20,757946.5742980001,130712.65332099948,13660.189131000001,-7341.915786999976
2024-08-21,-259666.71163699997,1251138.5715869996,13660.189131000001,-7341.915786999976
2024-08-22,-259666.71163699997,1249625.6377929996,13660.189131000001,-7341.915786999976
2024-08-23,-259666.71163699997,1249625.6377929996,13660.189131000001,-7341.915786999976
2024-08-24,-259666.71163699997,1249625.6377929996,13660.189131000001,-7341.915786999976
2024-08-25,-896063.820768,1910554.3019689997,13660.189131000001,-7341.915786999976
2024-08-26,-1188763.411287,2203253.8924879995,13660.189131000001,-7341.915786999976
2024-08-27,-1188763.411287,2203253.8924879995,13660.189131000001,-7341.915786999976
2024-08-28,-1188763.411287,2201924.8664369993,13660.189131000001,-7341.915786999976
2024-08-29,-1120406.017914,2201924.8664369993,13660.189131000001,-7341.915786999976
2024-08-30,-1194523.7129829999,2145110.5120359994,13660.189131000001,-7341.915786999976
2024-08-31,-1194523.7129829999,2134877.0014269995,13660.189131000001,-7341.915786999976
2024-09-01,-1340256.446084,2134877.0014269995,13660.189131000001,149403.37993700002
2024-09-02,-1411951.2036,1529886.6768129994,13660.189131000001,826149.878017
2024-09-03,-1411951.2036,1488870.5109979995,13660.189131000001,826149.878017
2024-09-04,-1411951.2036,1439999.9737979996,13660.189131000001,826149.878017
2024-09-05,-1411951.2036,1439999.9737979996,13660.189131000001,826149.878017
2024-09-06,-1411951.2036,1378334.9508589995,13660.189131000001,826149.878017
2024-09-07,-1411951.2036,1369092.1290139996,13660.189131000001,826149.878017
2024-09-08,-1411951.2036,1360949.4244779996,13660.189131000001,826149.878017
2024-09-09,-1411951.2036,1360949.4244779996,13660.189131000001,826149.878017
2024-09-10,-1411951.2036,1360829.0516499996,13660.189131000001,826149.878017
2024-09-11,-1411951.2036,1358593.5367809995,13660.189131000001,826149.878017
2024-09-12,-1411951.2036,1353684.2545859995,13660.189131000001,826149.878017
2024-09-13,-1411951.2036,1584287.0155389996,13660.189131000001,1328161.29031
2024-09-14,-1411951.2036,1646688.2026439996,13660.189131000001,1328161.29031
2024-09-15,-1411951.2036,1646688.2026439996,13660.189131000001,1328161.29031
2024-09-16,-1411951.2036,1646688.2026439996,13660.189131000001,1328161.29031
2024-09-17,-1411951.2036,1867235.6149949995,13660.189131000001,1105706.5577850002
2024-09-18,-1411951.2036,1859344.2622159994,13660.189131000001,1105706.5577850002
2024-09-19,-1411951.2036,1859344.2622159994,13660.189131000001,1105706.5577850002
2024-09-20,-1411951.2036,1859344.2622159994,13660.189131000001,1105706.5577850002
2024-09-21,-1411951.2036,1854768.2466619995,13660.189131000001,1105706.5577850002
2024-09-22,-1411951.2036,1854768.2466619995,13660.189131000001,1105706.5577850002
2024-09-23,-1411951.2036,1854768.2466619995,13660.189131000001,1105706.5577850002
2024-09-24,-1411951.2036,1852306.0387759996,13660.189131000001,1105706.5577850002
2024-09-25,-1411951.2036,1852306.0387759996,13660.189131000001,1105706.5577850002
2024-09-26,-1411951.2036,1852306.0387759996,13660.189131000001,1105706.5577850002
2024-09-27,-1255521.9853039999,750688.2235349996,13660.189131000001,547830.2875790002
2024-09-28,403459.45270000026,386014.6532569997,13660.189131000001,981332.3915700002
2024-09-29,-33157.443967999774,683548.2387569996,13660.189131000001,1120415.702738
2024-09-30,-461054.12519899977,1189637.9865779995,13660.189131000001,1120415.702738
2024-10-01,-979189.6785149998,2224971.3128839997,13660.189131000001,554551.4876770001
2024-10-02,-1133793.9515709998,413219.1006789997,13660.189131000001,1327424.7202520003
2024-10-03,-1133793.9515709998,1552843.8405569997,13660.189131000001,1285994.6235290002
2024-10-04,-123820.2254499998,601588.5661989998,13660.189131000001,1289542.8388340003
2024-10-05,-803811.5904579998,1281579.9312069998,13660.189131000001,1289542.8388340003
2024-10-06,-1143948.8308509998,1542670.4892699998,13660.189131000001,1289542.8388340003
2024-10-07,12924.953220000258,421021.8751359999,13660.189131000001,758092.2694700003
2024-10-08,603436.5175010003,421021.8751359999,13660.189131000001,758092.2694700003
2024-10-09,1185405.1342160003,-41217.53966700006,13660.189131000001,429825.79689100024
2024-10-10,1185405.1342160003,-196936.32043800005,13660.189131000001,896718.4726650002
2024-10-11,371402.9522170003,414455.60659700003,13660.189131000001,1131241.2761880003
2024-10-12,-729711.2125929997,228173.52673600003,13660.189131000001,2467073.104238
2024-10-13,-1296359.6451079997,-207063.4636699999,13660.189131000001,3469004.8474310003
2024-10-14,-166860.12484599976,837692.3752350002,13660.189131000001,1337525.0400880002
2024-10-15,-825931.7092289998,1415502.2209120002,13660.189131000001,1418786.7787940002
2024-10-16,494592.2042700002,89952.28683000011,13660.189131000001,1422497.7508470002
2024-10-17,-495392.5556419998,1008601.4853040001,13660.189131000001,1493841.199004
2024-10-18,-495392.5556419998,1008601.4853040001,13660.189131000001,1493841.199004
2024-10-19,-495392.5556419998,1008601.4853040001,13660.189131000001,1493841.199004
2024-10-20,-495392.5556419998,1008601.4853040001,13660.189131000001,1493841.199004
2024-10-21,-495392.5556419998,1008601.4853040001,13660.189131000001,1493841.199004
2024-10-22,-1215158.3879109998,1699691.8641980002,13660.189131000001,1010549.2822930003
2024-10-23,-1351512.6936219998,1699691.8641980002,13660.189131000001,1620419.5700310003
2024-10-24,-1487824.065788,1715146.126681,13660.189131000001,1763678.6698440004
2024-10-25,-589051.4890499999,680478.281422,13660.189131000001,1041044.8876960003
2024-10-26,759054.3629190001,-115672.61905500002,13660.189131000001,1362653.5570410003
2024-10-27,-89283.33928999992,287045.10007899994,13660.189131000001,1808281.7010240003
2024-10-28,-1122481.4938829998,988592.835093,13660.189131000001,2111253.4862110005
2024-10-29,-832715.0086529998,2033744.822501,13660.189131000001,432414.74539200054
2024-10-30,877474.8849500003,-57596.36320200004,13660.189131000001,1241563.8079470005
2024-10-31,431548.5949130003,-266416.9477840001,13660.189131000001,2019606.3592490004
2024-11-01,34629.791411000246,207091.4574999999,13660.189131000001,2019606.3592490004
2024-11-02,34629.791411000246,207084.1142779999,13660.189131000001,2019606.3592490004
2024-11-03,-1008082.1222139997,1250121.651421,13660.189131000001,2019606.3592490004
2024-11-04,-1429422.3823289997,1798836.293306,13660.189131000001,1819470.0864500003
2024-11-05,-1429422.3823289997,1792024.3374130002,13660.189131000001,1819470.0864500003
2024-11-06,-1429422.3823289997,1792024.3374130002,13660.189131000001,1819470.0864500003
2024-11-07,-356019.7150729997,718628.7919310001,13660.189131000001,1819470.0864500003
2024-11-08,-650524.5789759997,1022638.828759,13660.189131000001,1799628.7313990004
2024-11-09,-1011513.0070919998,2389751.305505,13660.189131000001,1799628.7313990004
2024-11-10,-1011513.0070919998,2309359.9539530003,13660.189131000001,1799628.7313990004
2024-11-11,-1011513.0070919998,2097156.4889450003,13660.189131000001,1799628.7313990004
2024-11-12,-1011513.0070919998,2097156.4889450003,13660.189131000001,1799628.7313990004
2024-11-13,-1011513.0070919998,2097156.4889450003,13660.189131000001,1799628.7313990004
2024-11-14,-1011513.0070919998,2081786.8552890003,13660.189131000001,1799628.7313990004
2024-11-15,141145.51972300024,491021.03514200007,13660.189131000001,2165608.6338370005
2024-11-16,490084.41292600025,200987.56064600003,13660.189131000001,2165608.6338370005
2024-11-17,490084.41292600025,252871.20946200003,13660.189131000001,2165608.6338370005
2024-11-18,490084.41292600025,252871.20946200003,13660.189131000001,2165608.6338370005
2024-11-19,490084.41292600025,252871.20946200003,13660.189131000001,2165608.6338370005
2024-11-20,490084.41292600025,239923.41424500002,13660.189131000001,2165608.6338370005
2024-11-21,490084.41292600025,239923.41424500002,13660.189131000001,2165608.6338370005
2024-11-22,489138.61482500023,238829.78789000004,13660.189131000001,2165218.6466160007
2024-11-23,489138.61482500023,208884.67716400005,13660.189131000001,2165218.6466160007
2024-11-24,489138.61482500023,208884.67716400005,13660.189131000001,2165218.6466160007
2024-11-25,489138.61482500023,207115.07046600006,13660.189131000001,2165218.6466160007
2024-11-26,489138.61482500023,207115.07046600006,13660.189131000001,2165218.6466160007
2024-11-27,671988.1575560002,54890.68523100007,13660.189131000001,2165218.6466160007
2024-11-28,809547.2164110001,-153750.18906499993,13660.189131000001,2236300.4620570005
2024-11-29,809547.2164110001,-153750.18906499993,13660.189131000001,2367945.8100370006
2024-11-30,2028349.636191,-292528.3321779999,13660.189131000001,1244738.2170120005
2024-12-01,2024140.894194,-292528.3321779999,13660.189131000001,1244738.2170120005
2024-12-02,2141087.175256,-292528.3321779999,13660.189131000001,1244738.2170120005
2024-12-03,2120983.9887759998,-292528.3321779999,13660.189131000001,1244738.2170120005
2024-12-04,2119374.9023339995,-292528.3321779999,13660.189131000001,1244738.2170120005
2024-12-05,2119374.9023339995,-292528.3321779999,13660.189131000001,1244738.2170120005
2024-12-06,2119374.9023339995,-292528.3321779999,13660.189131000001,1244738.2170120005
2024-12-07,2119374.9023339995,-292528.3321779999,13660.189131000001,1244738.2170120005
2024-12-08,2202173.4437979995,-292528.3321779999,13660.189131000001,1244738.2170120005
2024-12-09,2202173.4437979995,-292528.3321779999,13660.189131000001,1244738.2170120005
2024-12-10,2259238.4666589997,-292528.3321779999,13660.189131000001,1244738.2170120005
2024-12-11,2259238.4666589997,-292528.3321779999,13660.189131000001,1244738.2170120005
2024-12-12,2255964.6430309997,-292528.3321779999,13660.189131000001,1244738.2170120005
2024-12-13,2232117.4709989997,-292528.3321779999,13660.189131000001,1244738.2170120005
2024-12-14,2232117.4709989997,-292528.3321779999,13660.189131000001,1244738.2170120005
2024-12-15,2226308.929896,-292528.3321779999,13660.189131000001,1244738.2170120005
2024-12-16,2226308.929896,-292528.3321779999,13660.189131000001,1244738.2170120005
2024-12-17,204538.19333399972,-128360.97216699991,290768.755567,2830042.8816370005
2024-12-18,203481.0077049997,-128360.97216699991,381675.04686600005,2819960.2925280007
2024-12-19,-892419.8121120003,824313.197142,546766.2721000001,2819960.2925280007
2024-12-20,-1292270.9458060004,1111595.155849,907238.103584,2259219.3940010006
2024-12-21,-1426506.0245380003,1212131.1321470002,1023596.2894850001,2450669.5909420005
2024-12-22,-1426506.0245380003,1206983.6043220002,1023596.2894850001,2450669.5909420005
2024-12-23,-1426506.0245380003,2473949.515676,1023596.2894850001,1173594.8105250006
2024-12-24,-1426506.0245380003,1202472.2002800002,1023596.2894850001,2445072.1259220005
2024-12-25,-1426506.0245380003,1175469.5644030003,1023596.2894850001,2445072.1259220005
2024-12-26,-1426506.0245380003,1175469.5644030003,1144434.82323,2445072.1259220005
2024-12-27,-1426506.0245380003,1175469.5644030003,1144434.82323,2445072.1259220005
2024-12-28,-1426506.0245380003,1175469.5644030003,1144434.82323,2445072.1259220005
2024-12-29,-1426506.0245380003,1175469.5644030003,1098285.737014,2555137.1259770007
2024-12-30,-1426506.0245380003,1029405.6085030003,1244003.3103820002,2555137.1259770007
2024-12-31,-1426506.0245380003,1139156.7440350004,1244003.3103820002,2555137.1259770007
2025-01-01,-1426506.0245380003,1105450.9323590004,1244003.3103820002,2555137.1259770007
2025-01-02,-1426506.0245380003,1105450.9323590004,1244003.3103820002,2555137.1259770007
2025-01-03,-1426506.0245380003,1100239.8647010005,1244003.3103820002,2555137.1259770007
2025-01-04,-1426506.0245380003,1162880.4855970005,1244003.3103820002,2555137.1259770007
2025-01-05,-756358.8993480003,516185.5084450004,1087375.0830300003,2555137.1259770007
2025-01-06,-593473.0416440003,516185.5084450004,1087375.0830300003,2555137.1259770007
2025-01-07,-764902.2109430004,621623.5730790003,1251873.6665470004,2555137.1259770007
2025-01-08,-1095836.2261890005,1026997.3896700004,1170098.4234910004,2555137.1259770007
2025-01-09,-1095836.2261890005,1026997.3896700004,1170098.4234910004,2555137.1259770007
2025-01-10,-1095836.2261890005,1026997.3896700004,1170098.4234910004,2555137.1259770007
2025-01-11,-1261260.2498040006,704820.0924530004,975237.1538370004,3123067.695188001
2025-01-12,-1261260.2498040006,1264044.4359620004,975237.1538370004,2563840.6431180006
2025-01-13,-1344195.3740540007,1481264.3787030005,823775.3679560004,2563840.6431180006
2025-01-14,-1344195.3740540007,1470389.2692610004,823775.3679560004,2563840.6431180006
2025-01-15,-1344195.3740540007,1470389.2692610004,823775.3679560004,2563840.6431180006
2025-01-16,-824402.5358830007,634702.9736570003,1235212.7572000003,2563840.6431180006
2025-01-17,-668415.3087850007,622008.0200500004,1136606.0839120003,2563840.6431180006
2025-01-18,-1047769.1230780007,567246.9149900004,1022139.4973030003,3112434.1767380005
2025-01-19,-574434.7773170008,155126.6548330004,965762.8564070003,3112434.1767380005
2025-01-20,-574434.7773170008,153234.4223850004,965762.8564070003,3112434.1767380005
2025-01-21,-574434.7773170008,129425.5536350004,965762.8564070003,3112434.1767380005
2025-01-22,-574434.7773170008,106454.5681140004,1065760.8515000003,3112434.1767380005
2025-01-23,-574434.7773170008,104131.6243740004,1065760.8515000003,3112434.1767380005
2025-01-24,-574434.7773170008,103758.1435020004,1064228.5830560003,3112434.1767380005
2025-01-25,-574434.7773170008,103758.1435020004,1064228.5830560003,3112434.1767380005
2025-01-26,-574434.7773170008,103758.1435020004,1064228.5830560003,3112434.1767380005
2025-01-27,-1001529.1045620008,770907.9884240004,912337.1740120003,3112434.1767380005
2025-01-28,-1002172.8497330009,770692.2224530005,912337.1740120003,3111464.6330700004
2025-01-29,-897535.6327550008,274617.15976500046,914223.2572090004,3111464.6330700004
2025-01-30,-811329.9914210008,234247.48233700046,1290370.0206300004,3111464.6330700004
2025-01-31,-614190.6831610008,234247.48233700046,1290370.0206300004,3111464.6330700004
2025-02-01,-614190.6831610008,78122.56623400046,1290370.0206300004,3111464.6330700004
2025-02-02,-614190.6831610008,78122.56623400046,1290370.0206300004,3111464.6330700004
2025-02-03,-1021998.7855100008,518587.95437200053,1217489.5163160004,2815250.6477030003
2025-02-04,-833456.5126110008,1192082.3229290005,1484465.6067970004,2815250.6477030003
2025-02-05,-932916.1897690007,1337875.4707000004,1399399.2384130005,2815250.6477030003
2025-02-06,-932916.1897690007,1329573.7763770004,1399399.2384130005,2815250.6477030003
2025-02-07,-1182255.6934530009,1481559.1725940004,1319487.5850450005,2990431.0149990004
2025-02-08,-1182255.6934530009,1448715.6646370003,1319487.5850450005,2996963.3615600006
2025-02-09,-1306853.381058001,1225451.7621680005,1482744.0061300006,2996963.3615600006
2025-02-10,704237.0126689991,516039.6817120004,1411536.0141080006,1283655.2375620005
2025-02-11,-645543.4297160008,-60666.2044789996,852727.9739350006,3560542.13083
2025-02-12,-645543.4297160008,-138675.1208309996,1839700.4777570006,3560542.13083
2025-02-13,-1100727.3856750007,-64253.1738329996,2617168.6612700005,3560542.13083
2025-02-14,-974517.5053190007,-64253.1738329996,3181834.3607060006,3560542.13083
2025-02-15,-974517.5053190007,-64253.1738329996,3236388.8786420007,3560542.13083
2025-02-16,-1006552.2171160007,-64253.1738329996,3236388.8786420007,3560542.13083
2025-02-17,811298.5759439993,-197737.0398649996,3602182.7627270008,1561661.7983310001
2025-02-18,626536.9271419992,-197737.0398649996,2839504.050938001,3088514.380671
2025-02-19,-1029572.9584840006,20578.846688000398,4171710.1579950014,3221179.259717
2025-02-20,-1005463.1962350006,-35809.1774679996,3218171.2362420014,3224119.7908110004
2025-02-21,-1431435.1552400007,-197773.0264149996,1799.6954540014267,-442322.7045359998
2025-02-22,-1431435.1552400007,-197773.0264149996,1799.6954540014267,-442322.7045359998
2025-02-23,1124823.5855779992,20505.649036000395,4351419.281358002,-442322.7045359998
2025-02-24,1124823.5855779992,20505.649036000395,4351419.281358002,-442322.7045359998
2025-02-25,1822325.9825229992,20505.649036000395,3478910.0891430015,-442322.7045359998
2025-02-26,1822325.9825229992,20505.649036000395,4327342.255582001,-442322.7045359998
2025-02-27,2181726.943812999,20505.649036000395,3964715.242898001,-442322.7045359998
2025-02-28,1977471.150097999,20505.649036000395,3964715.242898001,-442322.7045359998
2025-03-01,2036781.405965999,20505.649036000395,3964715.242898001,-442322.7045359998
2025-03-02,2036781.405965999,20505.649036000395,3964715.242898001,-442322.7045359998
2025-03-03,1976825.801810999,20505.649036000395,3964715.242898001,-442322.7045359998
2025-03-04,1959478.284537999,20505.649036000395,3964715.242898001,-442322.7045359998
2025-03-05,1929705.441614999,19678.926263000394,3964114.5992860007,-443255.4337509998
2025-03-06,1929705.441614999,19678.926263000394,3964114.5992860007,-443255.4337509998
2025-03-07,1927258.5331179989,19678.926263000394,3964114.5992860007,-443255.4337509998
2025-03-08,384615.5723449988,-89650.5691579996,2362956.2622750006,3042299.392118
2025-03-09,383755.61922899884,-89650.5691579996,2361055.8414400006,3042299.392118
2025-03-10,356368.66945499886,-89650.5691579996,2361055.8414400006,3056064.975269
2025-03-11,356368.66945499886,-89650.5691579996,2361055.8414400006,3056064.975269
2025-03-12,-247385.53587500117,-198968.1838669996,3251878.0460470007,1606991.416747
2025-03-13,-306195.22423900117,-198968.1838669996,2960909.075770001,3130602.613341
2025-03-14,-306195.22423900117,-198968.1838669996,2960909.075770001,3130602.613341
2025-03-15,-306195.22423900117,-198968.1838669996,2960909.075770001,3130602.613341
2025-03-16,-306195.22423900117,-198968.1838669996,2960909.075770001,3130602.613341
2025-03-17,-862104.4556960012,-198968.1838669996,3438600.324428001,3247183.4632389997
2025-03-18,-1279826.5200350012,-198968.1838669996,3199704.808853001,3903483.286839
2025-03-19,-1417718.3375110012,-198968.1838669996,3575111.036889001,3631211.276554
2025-03-20,-1417718.3375110012,-198968.1838669996,3676415.2068440006,3508039.028951
2025-03-21,-1417718.3375110012,-198968.1838669996,3743538.8212110004,3508039.028951
2025-03-22,-1417718.3375110012,-198968.1838669996,3820695.2693980006,3395419.822591
2025-03-23,-1417718.3375110012,-198968.1838669996,3820695.2693980006,3315464.0153659997
2025-03-24,-1417718.3375110012,-198968.1838669996,4035009.2993220007,3179685.461996
2025-03-25,-1417718.3375110012,-198968.1838669996,4035009.2993220007,3104117.3764879997
2025-03-26,-1417718.3375110012,-198968.1838669996,4035009.2993220007,3069631.2920029997
2025-03-27,-1417718.3375110012,-198968.1838669996,4035009.2993220007,3069631.2920029997
2025-03-28,-1417718.3375110012,-198968.1838669996,4035009.2993220007,3069631.2920029997
2025-03-29,-1417718.3375110012,-198968.1838669996,3583340.9572600005,3441086.5778159997
2025-03-30,1259322.9625529987,-198968.1838669996,794215.2848970005,3441086.5778159997
2025-03-31,1174675.3572079986,-200038.7947639996,793942.8368080006,3440856.5684089996
2025-04-01,1141489.5998459987,-200038.7947639996,793942.8368080006,3440856.5684089996
2025-04-02,-872432.6423830013,-200038.7947639996,3416767.7091180007,2611086.9521659994
2025-04-03,-1116923.6189120011,-200038.7947639996,3417465.1611870006,2853959.3024119996
2025-04-04,-1256259.275426001,-200038.7947639996,3417465.1611870006,2853959.3024119996
2025-04-05,-1256259.275426001,-200038.7947639996,3417465.1611870006,2853959.3024119996
2025-04-06,-1156464.651714001,-200038.7947639996,3417465.1611870006,2911658.9323789994
2025-04-07,-1270651.201857001,-200038.7947639996,3417465.1611870006,3000806.097038999
2025-04-08,-1270663.6021850011,-200038.7947639996,3417465.1611870006,3000806.097038999
2025-04-09,-1332562.5870640012,-200038.7947639996,3417465.1611870006,3000806.097038999
2025-04-10,-1334260.5644430013,-200038.7947639996,3417465.1611870006,2601488.420162999
2025-04-11,-1334260.5644430013,-200038.7947639996,3417465.1611870006,2601488.420162999
2025-04-12,-1334260.5644430013,-200038.7947639996,3417465.1611870006,2601488.420162999
2025-04-13,-1334260.5644430013,-200038.7947639996,3417465.1611870006,2601488.420162999
2025-04-14,-1334260.5644430013,-200038.7947639996,3417465.1611870006,2611118.099384999
2025-04-15,-1334260.5644430013,-200038.7947639996,3417465.1611870006,2708889.807388999
2025-04-16,-1334260.5644430013,-200038.7947639996,3417465.1611870006,2699876.7680659993
2025-04-17,-1334260.5644430013,-200038.7947639996,3417465.1611870006,2699876.7680659993
2025-04-18,-1334260.5644430013,-200038.7947639996,3417465.1611870006,2699876.7680659993
2025-04-19,-1334260.5644430013,-200038.7947639996,3417465.1611870006,2699876.7680659993
2025-04-20,-1334260.5644430013,-200038.7947639996,3417465.1611870006,2699876.7680659993
2025-04-21,-1334260.5644430013,-200038.7947639996,3598925.9350570007,3189621.3101519994
2025-04-22,-275664.35936700134,-200038.7947639996,1719772.1615630006,3986637.8262499995
2025-04-23,-805333.9534830013,-200038.7947639996,2249556.754204001,3986637.8262499995
2025-04-24,-699716.5461460013,-200038.7947639996,2831972.075131001,3253617.9421129995
2025-04-25,-724744.2315090013,-200038.7947639996,2906720.296283001,3253617.9421129995
2025-04-26,-744243.0269680014,-200038.7947639996,2906720.296283001,3253617.9421129995
2025-04-27,-744243.0269680014,-200038.7947639996,2906720.296283001,3253617.9421129995
2025-04-28,127195.40408699866,-200038.7947639996,2035292.725492001,3253617.9421129995
2025-04-29,105860.84153199867,-200038.7947639996,2035292.725492001,3253617.9421129995
2025-04-30,103886.98736599866,-200038.7947639996,2105009.725492001,3253617.9421129995
2025-05-01,63552.97028099866,-200038.7947639996,2105009.725492001,3253617.9421129995
2025-05-02,186.71898499866802,-200038.7947639996,2105009.725492001,3253617.9421129995
