tx_hash,block_number,timestamp,event_type,new_exchange_price,new_revenue,vault_address,log_index,datetime,exchange_price_eth,revenue_eth
0x0b12f35a8df708cee03bdb0a7f2950fd0a1cdaf8f5af3f5bc285e3461bdbeedd,20468896,1722939683,exchange_price_update,999999999999999988,0,0xb13aa2d0345b0439b064f26b82d8dcf3f508775d,116,2024-08-06 10:21:23,1.0,0.0
0x3bb2a9c44c968062ba1c11c4aa7270ddce6dad422387ed938dfd80b3555e307e,20476253,1723028375,exchange_price_update,1000097758468183765,396940853059902,0xb13aa2d0345b0439b064f26b82d8dcf3f508775d,370,2024-08-07 10:59:35,1.0000977584681838,0.0003969408530599
0x5280812db2be2c6938958bcc94e707b551dc813d029c87fe87e7a957094c78ae,20499069,1723303259,exchange_price_update,1000416027582161247,1356408089071029,0xb13aa2d0345b0439b064f26b82d8dcf3f508775d,463,2024-08-10 15:20:59,1.0004160275821612,0.001356408089071
0xeebe82b05a839face8447eee9ee8fdce18462ae23020e2d7538475a3f2bf834b,20501959,1723338083,exchange_price_update,1000389940398846672,0,0xb13aa2d0345b0439b064f26b82d8dcf3f508775d,274,2024-08-11 01:01:23,1.0003899403988468,0.0
0xbc67dec0689af9ce0738dbbec239bc45b0901084f473d9f393d571c8b14ce0db,20516285,1723510871,exchange_price_update,1000545389186760291,650025698526523,0xb13aa2d0345b0439b064f26b82d8dcf3f508775d,206,2024-08-13 01:01:11,1.0005453891867604,0.0006500256985265
0xee18b7ac0b74c9647faf3aad53b4928c1e460e3e7759e57725fd83475634ebfa,20530613,1723683671,exchange_price_update,1000688758666452718,689090520760683,0xb13aa2d0345b0439b064f26b82d8dcf3f508775d,657,2024-08-15 01:01:11,1.0006887586664528,0.0006890905207606
0xd1b04db0d4069d6cea9ca479e466385c4d105f4c6f7f4facd40c245bc6a33f37,20544929,1723856471,exchange_price_update,1000834114019351537,709985938486876,0xb13aa2d0345b0439b064f26b82d8dcf3f508775d,300,2024-08-17 01:01:11,1.0008341140193515,0.0007099859384868
0xfd5b5fa6033fcbb42ba722d174e89821e0bfaa391b5935467b2162aa9bc5ab65,20559260,1724029271,exchange_price_update,1000968152336145133,659798816032082,0xb13aa2d0345b0439b064f26b82d8dcf3f508775d,573,2024-08-19 01:01:11,1.0009681523361451,0.000659798816032
0x1752ecf067c0f9140200a5c84c7345ad993e2c0fc0c165986d6b1989d58f4003,20573578,1724202095,exchange_price_update,1001105465265721079,677186272384546,0xb13aa2d0345b0439b064f26b82d8dcf3f508775d,428,2024-08-21 01:01:35,1.0011054652657212,0.0006771862723845
0xb88377b4c81f3d1556758af0eb56bd1111080ebe143445f26a39f644fa88cb01,20583557,1724322599,exchange_price_update,1001166938680811082,333477541345041,0xb13aa2d0345b0439b064f26b82d8dcf3f508775d,352,2024-08-22 10:29:59,1.001166938680811,0.000333477541345
0xa9d5516bdd3ce92b1c99f7d9e52ff3657c528df0f306fb31bab8e04fc02963d9,20583636,1724323571,exchange_price_update,1001161066912938064,0,0xb13aa2d0345b0439b064f26b82d8dcf3f508775d,112,2024-08-22 10:46:11,1.001161066912938,0.0
0x2aade73bc3a1fa1f712847141c0364c85f3b450c5da036d50623787abf6cbc3c,20583636,1724323571,exchange_price_update,1001161066912938064,0,0xb13aa2d0345b0439b064f26b82d8dcf3f508775d,113,2024-08-22 10:46:11,1.001161066912938,0.0
0xd2b8bd6f4937bde49f05c4ebd633fb527f123db55fc55d61f64c391be74f0dea,20587894,1724374871,exchange_price_update,1001312232219165256,500811118052628,0xb13aa2d0345b0439b064f26b82d8dcf3f508775d,140,2024-08-23 01:01:11,1.0013122322191652,0.0005008111180526
0x42509049d3f5f7fe3039dfd1250831e392023b1574a5b950a44625eee2d0d039,20588662,1724384159,exchange_price_update,1001300138994667081,0,0xb13aa2d0345b0439b064f26b82d8dcf3f508775d,550,2024-08-23 03:35:59,1.0013001389946672,0.0
0x009063d28d2dcd1f80f25d056f1fb474d3577872b700eacde69c4e72705e6e24,20588744,1724385167,exchange_price_update,1001300138994667081,0,0xb13aa2d0345b0439b064f26b82d8dcf3f508775d,93,2024-08-23 03:52:47,1.0013001389946672,0.0
0x5a37cf821e3ace4012a02062cba924833fa63765823611eb4e36ee08a1d570bf,20588747,1724385203,exchange_price_update,1001300138994667081,0,0xb13aa2d0345b0439b064f26b82d8dcf3f508775d,262,2024-08-23 03:53:23,1.0013001389946672,0.0
0xc5dfae5abf2f9c7e417d43f0fd6b8984c24ef675f04077db380fd142b7d0053b,20602192,1724547671,exchange_price_update,1001461963642218767,520883049342225,0xb13aa2d0345b0439b064f26b82d8dcf3f508775d,371,2024-08-25 01:01:11,1.0014619636422188,0.0005208830493422
0x044077fbcafb7f433690347660af696ae09b272f303f9b0c98423b59a1492740,20616506,1724720471,exchange_price_update,1001588716069113635,453457121769680,0xb13aa2d0345b0439b064f26b82d8dcf3f508775d,135,2024-08-27 01:01:11,1.0015887160691137,0.0004534571217696
0x045fc722f34a7947ef20444be6df0bf1d70e31c5503305e9b10c53a7f35fdeba,20618438,1724743847,exchange_price_update,1001577540197217715,0,0xb13aa2d0345b0439b064f26b82d8dcf3f508775d,343,2024-08-27 07:30:47,1.0015775401972176,0.0
0x3b727284d03055d6d8f0e2c3aa8c68e70d9dbe882c09b723c037a0c1d2d5779d,20618464,1724744159,exchange_price_update,1001577540197217715,0,0xb13aa2d0345b0439b064f26b82d8dcf3f508775d,284,2024-08-27 07:35:59,1.0015775401972176,0.0
0x9b07228b345245e6efdfc6c204b626496299a4744a3b7da02e612a233e1999f2,20630831,1724893271,exchange_price_update,1001607059316773148,496171461746393,0xb13aa2d0345b0439b064f26b82d8dcf3f508775d,70,2024-08-29 01:01:11,1.0016070593167732,0.0004961714617463
0xb626f3c3b2bacae47c7a252f37191347803fbcd2469832c9ba004964dc7dc1be,20645137,1725066071,exchange_price_update,1001631823742411858,455946012181606,0xb13aa2d0345b0439b064f26b82d8dcf3f508775d,232,2024-08-31 01:01:11,1.001631823742412,0.0004559460121816
0xa37f512d0509e77c138278fbcb2055a5e90412d293be60795180f3c54c124394,20652299,1725152483,exchange_price_update,1001642530035404569,216432167620512,0xb13aa2d0345b0439b064f26b82d8dcf3f508775d,209,2024-09-01 01:01:23,1.0016425300354046,0.0002164321676205
0xeae480153c006570f88e519f0bb3b1a370113e5167224bb772810abbe5c58386,20666632,1725325271,exchange_price_update,1001667537489946096,437651814536536,0xb13aa2d0345b0439b064f26b82d8dcf3f508775d,368,2024-09-03 01:01:11,1.0016675374899462,0.0004376518145365
0x13578a088381f9fbde40a3699e12a472cc5d987136d6d8185c2aba51ded7e9bd,20674602,1725421379,exchange_price_update,1001913019290437738,4161187505960738,0xb13aa2d0345b0439b064f26b82d8dcf3f508775d,70,2024-09-04 03:42:59,1.0019130192904375,0.0041611875059607
0x895c9a191cd5fe826687a9027c5f33fc651d89e0b184800b24eec1efd0c848e9,20674627,1725421679,exchange_price_update,1001891949422283953,0,0xb13aa2d0345b0439b064f26b82d8dcf3f508775d,382,2024-09-04 03:47:59,1.001891949422284,0.0
0x6aac496d94a7d0acd77f3200b47893515f0873ae1719b217b4b3e9a027661d17,20680967,1725498071,exchange_price_update,1002105465481646213,3518314793438417,0xb13aa2d0345b0439b064f26b82d8dcf3f508775d,362,2024-09-05 01:01:11,1.002105465481646,0.0035183147934384
0x54f787d50b3b6c49b49abd7c617408eb0b0914169158c43995002e298ffaef85,20695296,1725670871,exchange_price_update,1002548073058367601,7618203426226844,0xb13aa2d0345b0439b064f26b82d8dcf3f508775d,332,2024-09-07 01:01:11,1.0025480730583676,0.0076182034262268
0x2bd5e8d2393859082ca0ad8f323f19bac5d7c04f8c16957063c27961668ccbcf,20709632,1725843671,exchange_price_update,1002901636552597692,7238668553767874,0xb13aa2d0345b0439b064f26b82d8dcf3f508775d,224,2024-09-09 01:01:11,1.0029016365525976,0.0072386685537678
0x84443e4751f03dceab7647bca323996e18df425e912c0389deedc7ed22c8a93f,20723955,1726016471,exchange_price_update,1004617041311877548,311052347855365589,0xb13aa2d0345b0439b064f26b82d8dcf3f508775d,363,2024-09-11 01:01:11,1.0046170413118776,0.3110523478553655
0x6d689731c52f70af54503ac1eb3c96361a04dc10f3198534299fc255415183fb,20738861,1726196363,exchange_price_update,1004832487737525364,63252400038469381,0xb13aa2d0345b0439b064f26b82d8dcf3f508775d,194,2024-09-13 02:59:23,1.0048324877375254,0.0632524000384693
0x4a008e8756bf0d2ef7ce52e231fe4e62cbc6d77ea79c38432a0699af9f8bdd78,20748048,1726307255,exchange_price_update,1005074240274284469,48878937171364287,0xb13aa2d0345b0439b064f26b82d8dcf3f508775d,376,2024-09-14 09:47:35,1.0050742402742845,0.0488789371713642
0xbaee2e229f08650c962c4799a3cb1cb5cde2f732251333c9e59e755fbba15880,20753181,1726369163,exchange_price_update,1005414164647299153,71870484430365283,0xb13aa2d0345b0439b064f26b82d8dcf3f508775d,699,2024-09-15 02:59:23,1.0054141646472992,0.0718704844303652
0x1d0cb3290e1a2118e24dbf88a71172d98238a4b740e61c5e0e75a7f15375cd5f,20767505,1726541951,exchange_price_update,1005818379206205638,86103901945167609,0xb13aa2d0345b0439b064f26b82d8dcf3f508775d,264,2024-09-17 02:59:11,1.0058183792062056,0.0861039019451676
0x010cec49193b835157d541f4f7ba4a43d68bd3f27d9298f093e54e2629092a87,20774828,1726630451,exchange_price_update,1006237047057463101,162229691258943632,0xb13aa2d0345b0439b064f26b82d8dcf3f508775d,774,2024-09-18 03:34:11,1.006237047057463,0.1622296912589436
0xb2fef1087cc899b15fc0a4d2549cf26968becb499da1d9671973914127693449,20774829,1726630463,exchange_price_update,1006200726138332285,0,0xb13aa2d0345b0439b064f26b82d8dcf3f508775d,824,2024-09-18 03:34:23,1.0062007261383323,0.0
0xb222989093683a5b10ec771d43a3b026fe00437f7053b50e6dad1089879ee90c,20781809,1726714751,exchange_price_update,1006402351255150296,72133662274392177,0xb13aa2d0345b0439b064f26b82d8dcf3f508775d,335,2024-09-19 02:59:11,1.0064023512551503,0.0721336622743921
0x64dbc9e53927f97deb09b33db22ec44946abdf6e6be337a82ccfb86330722984,20783794,1726738703,exchange_price_update,1006275345741173946,0,0xb13aa2d0345b0439b064f26b82d8dcf3f508775d,271,2024-09-19 09:38:23,1.006275345741174,0.0
0x532b271e5f7f0b5f8704cbe54e0f05ac2ac056d31078bf22741835d8a7e5f0bb,20783794,1726738703,exchange_price_update,1006275345741173946,0,0xb13aa2d0345b0439b064f26b82d8dcf3f508775d,270,2024-09-19 09:38:23,1.006275345741174,0.0
0x06648f557c274cdab320e58662d838b14618a8f420c81db6eac5756ac79a7f60,20796128,1726887563,exchange_price_update,1006909961800400143,185506359634802676,0xb13aa2d0345b0439b064f26b82d8dcf3f508775d,375,2024-09-21 02:59:23,1.0069099618004,0.1855063596348027
0x523b198f9e5dc607ccdb9a7cb1b8129356c566ecb8b7566b2183e7f3f2455f7f,20810454,1727060351,exchange_price_update,1007318678806202981,159643114962620056,0xb13aa2d0345b0439b064f26b82d8dcf3f508775d,702,2024-09-23 02:59:11,1.007318678806203,0.15964311496262
0x089a9681537a2cac385cc1e9ea95db8476ad1c819b039ac05e575db6dbb6ce93,20824794,1727233151,exchange_price_update,1007789409651614907,180317619260562890,0xb13aa2d0345b0439b064f26b82d8dcf3f508775d,400,2024-09-25 02:59:11,1.007789409651615,0.1803176192605629
0xdcf004ef5205c50e7d85450103adbedb0b70f5523610a71f3256892d84c365f7,20839125,1727405951,exchange_price_update,1007522921853666437,0,0xb13aa2d0345b0439b064f26b82d8dcf3f508775d,371,2024-09-27 02:59:11,1.0075229218536663,0.0
0xf5d50182d98c5568bb57befa0fbc1907e7c9638ce1c5019607cee5fe1fbd15b4,20853462,1727578751,exchange_price_update,1007972336334119949,79549306748948569,0xb13aa2d0345b0439b064f26b82d8dcf3f508775d,456,2024-09-29 02:59:11,1.00797233633412,0.0795493067489485
0xae432667b3e0c66e6afa1cd1dcea5ec52f912a853200d646b9728a70174f0931,20867811,1727751551,exchange_price_update,1008453788401101350,177748621681708197,0xb13aa2d0345b0439b064f26b82d8dcf3f508775d,306,2024-10-01 02:59:11,1.0084537884011011,0.1777486216817081
0xcca3397c7d64b4b2029246d09f80d87b15212e6e6735c51612aaefa59a206b0f,20882155,1727924351,exchange_price_update,1008707384292840711,104493570150399048,0xb13aa2d0345b0439b064f26b82d8dcf3f508775d,224,2024-10-03 02:59:11,1.008707384292841,0.104493570150399
0x9de030d21ef83d03d93e3865e917654db5b3e1901097c24933477df4aa41e4e7,20896498,1728097151,exchange_price_update,1009086607608540885,143476934862947868,0xb13aa2d0345b0439b064f26b82d8dcf3f508775d,331,2024-10-05 02:59:11,1.009086607608541,0.1434769348629478
0x4033a116818a1528ba42583be7f6f122c274ab79481562ba092d519dac003125,20910844,1728269951,exchange_price_update,1009419286095700479,131454302848170747,0xb13aa2d0345b0439b064f26b82d8dcf3f508775d,414,2024-10-07 02:59:11,1.0094192860957003,0.1314543028481707
0x239107b574934c16dbe5f8a1ec733a4b5f8624294a93fee2986566972b89086d,20925199,1728442763,exchange_price_update,1009503988203748366,41039778338862186,0xb13aa2d0345b0439b064f26b82d8dcf3f508775d,315,2024-10-09 02:59:23,1.0095039882037484,0.0410397783388621
0xa9a2cb230a421f3e2858186142b42d4d5aa7bf93f8a3b0f757b09866e946f266,20927283,1728467831,exchange_price_update,1009345393978437637,0,0xb13aa2d0345b0439b064f26b82d8dcf3f508775d,358,2024-10-09 09:57:11,1.0093453939784376,0.0
0xd4574faf630a31483eee575db8fc0f307a33efc7938e6d84f91ac33fa00515c9,20927283,1728467831,exchange_price_update,1009345393978437637,0,0xb13aa2d0345b0439b064f26b82d8dcf3f508775d,140,2024-10-09 09:57:11,1.0093453939784376,0.0
0x5005fdf266b23f0a747412aa50ca83d9fa6c5c6e99732f41bd2ea2abbbe0ae58,20939551,1728615551,exchange_price_update,1010034464093482193,202726926513990427,0xb13aa2d0345b0439b064f26b82d8dcf3f508775d,579,2024-10-11 02:59:11,1.0100344640934822,0.2027269265139904
0xce4325335cb9aa215c8f0fa793042ed3c4db707f7a7425413289d0cd56245692,20953844,1728788351,exchange_price_update,1010430301526144417,174892897841142131,0xb13aa2d0345b0439b064f26b82d8dcf3f508775d,301,2024-10-13 02:59:11,1.0104303015261444,0.1748928978411421
0xdc3de612b09bbdc1bc7d8386df888884af41c08cbcc2d08288f92406f6fecf21,20968135,1728961151,exchange_price_update,1010747609906170064,145351091079363424,0xb13aa2d0345b0439b064f26b82d8dcf3f508775d,422,2024-10-15 02:59:11,1.01074760990617,0.1453510910793634
0xc1ec4b02d938cba3c0121c7db87a552fc065f854587293ae4590a6e0e82a3f8d,20982452,1729133951,exchange_price_update,1010712231300337022,0,0xb13aa2d0345b0439b064f26b82d8dcf3f508775d,487,2024-10-17 02:59:11,1.010712231300337,0.0
0xb409b42f5b2f7426476e03e100c9e67f8f4a98d7c88ef19c6a07d73a6069a671,20983473,1729146263,exchange_price_update,1010602562863697141,0,0xb13aa2d0345b0439b064f26b82d8dcf3f508775d,175,2024-10-17 06:24:23,1.0106025628636972,0.0
0xeee8052d2bae3c58d9372fa78cc95dc8dac007387ad647d84dcf511305ae14ca,20983474,1729146275,exchange_price_update,1010601524264046309,0,0xb13aa2d0345b0439b064f26b82d8dcf3f508775d,60,2024-10-17 06:24:35,1.0106015242640465,0.0
0xab50d36ca6fe82758d16398cd52f16d7d8b57ee9ad751f23bab897f6ca154312,20996784,1729306751,exchange_price_update,1010583878342986799,0,0xb13aa2d0345b0439b064f26b82d8dcf3f508775d,407,2024-10-19 02:59:11,1.0105838783429868,0.0
0x5b3660a87a3bc7df6aa028d9f132f0b7c978a22508285a285c164e0cdf373147,21011119,1729479551,exchange_price_update,1010780505464742995,24874680865270469,0xb13aa2d0345b0439b064f26b82d8dcf3f508775d,386,2024-10-21 02:59:11,1.010780505464743,0.0248746808652704
0x800f634b83afedd8c80acf0ebcd631e708edddada0cb7b4470618f0a1f407824,21020534,1729593047,exchange_price_update,1010780000662852335,1784428303488165,0xb13aa2d0345b0439b064f26b82d8dcf3f508775d,145,2024-10-22 10:30:47,1.0107800006628525,0.0017844283034881
0x492bb52b18731e1ff94884c980bb6ee0316f94e575806a4de8826df22bdf468d,21020534,1729593047,exchange_price_update,1010779650071916958,0,0xb13aa2d0345b0439b064f26b82d8dcf3f508775d,146,2024-10-22 10:30:47,1.0107796500719168,0.0
0xd3e6fadaf59592d997a4b026449c2c88af57cecf603d3ad66e306257f3fd3f57,21025448,1729652351,exchange_price_update,1011067813573176451,117338992190644072,0xb13aa2d0345b0439b064f26b82d8dcf3f508775d,166,2024-10-23 02:59:11,1.0110678135731763,0.117338992190644
0x0a01b203fa8647ef60e2dae1d1855184779affaa8c599c47200a02591324ff28,21039796,1729825151,exchange_price_update,1011349548245089191,124108318704493660,0xb13aa2d0345b0439b064f26b82d8dcf3f508775d,109,2024-10-25 02:59:11,1.0113495482450892,0.1241083187044936
0x67046296b10c323a1f16d70c5478073fe02811656bc803373a04daf3a7f84cad,21054130,1729997951,exchange_price_update,1011645065928095123,133444429973384724,0xb13aa2d0345b0439b064f26b82d8dcf3f508775d,364,2024-10-27 02:59:11,1.011645065928095,0.1334444299733847
0xa046789012de937b7df657e2ce177431414b858c135dcb45c821872a13d19e8f,21068163,1730167151,exchange_price_update,1011650087013742974,14707045862208464,0xb13aa2d0345b0439b064f26b82d8dcf3f508775d,55,2024-10-29 01:59:11,1.011650087013743,0.0147070458622084
0xf1cb278987c269bec1901e645dc7c50d015dc153ead373d9d489ab818a5729c9,21068163,1730167151,exchange_price_update,1011647637962390877,0,0xb13aa2d0345b0439b064f26b82d8dcf3f508775d,56,2024-10-29 01:59:11,1.0116476379623909,0.0
0xf8e224f74b6e0e7d93b691166beeb3119bad56d655e9ab5e62d4276ece581934,21068461,1730170751,exchange_price_update,1011634229311661716,0,0xb13aa2d0345b0439b064f26b82d8dcf3f508775d,265,2024-10-29 02:59:11,1.0116342293116618,0.0
0x05a98a4cf73701a6adc205ff1f2801f3b15862d71ad5efc894d4c8e8463516cb,21082788,1730343551,exchange_price_update,1011639104426712633,0,0xb13aa2d0345b0439b064f26b82d8dcf3f508775d,532,2024-10-31 02:59:11,1.0116391044267126,0.0
0x1f3ac9b074d14228dec12ddecbc8345ad83a31afab6f72d504232c37b8189ffb,21097129,1730516351,exchange_price_update,1011899421487447170,199028656546663158,0xb13aa2d0345b0439b064f26b82d8dcf3f508775d,661,2024-11-02 02:59:11,1.0118994214874473,0.1990286565466631
0x873519b6c64fb5dbe6b8b1e2031aacf56ab146bc4917b812436230d98c17f454,21111449,1730689151,exchange_price_update,1010679538539113945,0,0xb13aa2d0345b0439b064f26b82d8dcf3f508775d,134,2024-11-04 02:59:11,1.010679538539114,0.0
0x0ad0dc0c5f0d4ea1ccee89889bb152234cd98d463a71738405180a4e2674c7ab,21125779,1730861951,exchange_price_update,1011305699786831973,0,0xb13aa2d0345b0439b064f26b82d8dcf3f508775d,223,2024-11-06 02:59:11,1.011305699786832,0.0
0x4dde50e1aeb1e3afadad80765d0bcc0ed9bae123428daf40c46ec7adeb3da660,21133789,1730958551,exchange_price_update,1011243161930825458,0,0xb13aa2d0345b0439b064f26b82d8dcf3f508775d,182,2024-11-07 05:49:11,1.0112431619308255,0.0
0x3842816df115790662e76dcc33cf17fecd43d2195d82d89edc64408fe21a3878,21133789,1730958551,exchange_price_update,1011243161930825458,0,0xb13aa2d0345b0439b064f26b82d8dcf3f508775d,183,2024-11-07 05:49:11,1.0112431619308255,0.0
0xfa23bf2fcccd735ba3ba9cadd58970bdf35b8aee1b3289fe29b01622190557cd,21140090,1731034751,exchange_price_update,1010714114656071729,0,0xb13aa2d0345b0439b064f26b82d8dcf3f508775d,280,2024-11-08 02:59:11,1.0107141146560716,0.0
0x859789ebce4e776df96c50eded44e453675b3ab10b77b07c994cf1c50e98305d,21154433,1731207551,exchange_price_update,1010538791048925473,0,0xb13aa2d0345b0439b064f26b82d8dcf3f508775d,406,2024-11-10 02:59:11,1.0105387910489254,0.0
0xdbc44ef9a481e35c2f7fdd78c89161936bdd0b4a32d5450fcddb31fac58f3024,21168775,1731380351,exchange_price_update,1010971179295440541,0,0xb13aa2d0345b0439b064f26b82d8dcf3f508775d,341,2024-11-12 02:59:11,1.0109711792954406,0.0
0x0ec758321c3a0d646ea133e4d91d7528fd3ab7b69c0cd60ecc14b66390c0866a,21190323,1731640259,exchange_price_update,1009517902264945710,0,0xb13aa2d0345b0439b064f26b82d8dcf3f508775d,214,2024-11-15 03:10:59,1.0095179022649456,0.0
0xea347d4a9f6070a9ab890c400c24c634c6292cf7d28298e5fe671d039e8392d6,21190384,1731640991,exchange_price_update,1009516530593167764,0,0xb13aa2d0345b0439b064f26b82d8dcf3f508775d,53,2024-11-15 03:23:11,1.0095165305931677,0.0
0x3acef0f7748fd6c9d9b2b057e2f341d06f7d23404a2dfdfc44e42cc0c2a347fc,21190384,1731640991,exchange_price_update,1009516530593167764,0,0xb13aa2d0345b0439b064f26b82d8dcf3f508775d,54,2024-11-15 03:23:11,1.0095165305931677,0.0
0x3a4bb57c94fb200fddb2f610cfd763b144325f1719ca00c2983c404aa8ea26fa,21204654,1731813047,exchange_price_update,1009643796448620455,0,0xb13aa2d0345b0439b064f26b82d8dcf3f508775d,213,2024-11-17 03:10:47,1.0096437964486205,0.0
0xcdbfc6a445c31269ca879fd2ac1702ff32d4b54cfaa518c8d62674343ac64747,21219001,1731985859,exchange_price_update,1009749462183107623,0,0xb13aa2d0345b0439b064f26b82d8dcf3f508775d,282,2024-11-19 03:10:59,1.0097494621831076,0.0
0x913dd67f205cf5bbda1d2973d067af69d77646e40ed6b6ff62451cd34c83fdf2,21233336,1732158647,exchange_price_update,1009353807133570835,0,0xb13aa2d0345b0439b064f26b82d8dcf3f508775d,314,2024-11-21 03:10:47,1.0093538071335708,0.0
0x044ed5378fe2bec4f9c0bc9e0c2902f10e88feb4ce52ee6ebb964f90e8ce47f8,21235177,1732180907,exchange_price_update,1009503900669977143,0,0xb13aa2d0345b0439b064f26b82d8dcf3f508775d,51,2024-11-21 09:21:47,1.009503900669977,0.0
0x7bbaf387f91075c7eafa5939a30729271e8c041d443c91f78a21effa8cd93a52,21235177,1732180907,exchange_price_update,1009503900669977143,0,0xb13aa2d0345b0439b064f26b82d8dcf3f508775d,52,2024-11-21 09:21:47,1.009503900669977,0.0
0xf3b1dd78141ba3a6de2b5081ac3a284f221e4f563d6a5bc40b99dcbb4eb1346b,21247662,1732331447,exchange_price_update,1009653390878076910,0,0xb13aa2d0345b0439b064f26b82d8dcf3f508775d,497,2024-11-23 03:10:47,1.009653390878077,0.0
0xf0d9e32a2aff48d9bca6e64203f1beefd06f1bd50975bcf29a3fd728b29898ca,21261997,1732504247,exchange_price_update,1009675594301762939,0,0xb13aa2d0345b0439b064f26b82d8dcf3f508775d,492,2024-11-25 03:10:47,1.009675594301763,0.0
0x332eaa73de1eb7e5e1639bbdefc36f490ef587c8e4f302eeb8a9a16c781fbdba,21276316,1732677059,exchange_price_update,1010563148740191130,0,0xb13aa2d0345b0439b064f26b82d8dcf3f508775d,276,2024-11-27 03:10:59,1.0105631487401912,0.0
0x78e418b8660a2f5ffb9164ef03cd0483b03258036786ef9e1fdcb68c0c3dc2ae,21290585,1732849847,exchange_price_update,1010337229079941145,0,0xb13aa2d0345b0439b064f26b82d8dcf3f508775d,415,2024-11-29 03:10:47,1.010337229079941,0.0
0x3d9d6a3d02031eacf164f9b55883505428c3e3d44f3ed2bfb0b99556c97807db,21304886,1733022671,exchange_price_update,1011691961570968001,0,0xb13aa2d0345b0439b064f26b82d8dcf3f508775d,653,2024-12-01 03:11:11,1.011691961570968,0.0
0x9d7f8e34eaa44f64dda16a868e4b7f31e58a05b9ab5dd4e40cb2e2ae2cfd03ba,21319204,1733195447,exchange_price_update,1011320423438116099,0,0xb13aa2d0345b0439b064f26b82d8dcf3f508775d,483,2024-12-03 03:10:47,1.011320423438116,0.0
0xcf3916b665851d63348d125292bbbc1fb9437c2e8030bc50837323cebd5a9350,21333523,1733368247,exchange_price_update,1012134252337841689,402959881959652069,0xb13aa2d0345b0439b064f26b82d8dcf3f508775d,722,2024-12-05 03:10:47,1.0121342523378416,0.4029598819596521
0x7f66ba07ab1065598973f07284c5ed09a16438e506ef11d88d17b6fc8b0ad570,21347843,1733541047,exchange_price_update,1011913709127836709,0,0xb13aa2d0345b0439b064f26b82d8dcf3f508775d,565,2024-12-07 03:10:47,1.0119137091278367,0.0
0x84958081bfbbb35306284655f0e15d8725231a10baec84fe7354217a0fa1beb2,21362166,1733713847,exchange_price_update,1010899542907996951,0,0xb13aa2d0345b0439b064f26b82d8dcf3f508775d,286,2024-12-09 03:10:47,1.010899542907997,0.0
0x6380bd1a0f5184b7c6163cb806e8238200b8599651acebaaa3b6daeb142a88d1,21376498,1733886647,exchange_price_update,1009012679008414986,0,0xb13aa2d0345b0439b064f26b82d8dcf3f508775d,342,2024-12-11 03:10:47,1.009012679008415,0.0
0xefef76712d17fa55ffcb9424392fc67fa5cad516de7bd21cb97fd9de5b93ce64,21386194,1734003707,exchange_price_update,1010384460485999661,0,0xb13aa2d0345b0439b064f26b82d8dcf3f508775d,288,2024-12-12 11:41:47,1.0103844604859995,0.0
0xe58fd571a49d6ee3304785f6708bc0c19fa61fe5d43073f549efc96c46eed1a8,21386245,1734004331,exchange_price_update,1010383358380948362,0,0xb13aa2d0345b0439b064f26b82d8dcf3f508775d,75,2024-12-12 11:52:11,1.0103833583809485,0.0
0x349b3deea9def422c265fe1b949ba071f78b95778b378d8bcfa46c45ba4cee73,21386246,1734004343,exchange_price_update,1010383333397810336,0,0xb13aa2d0345b0439b064f26b82d8dcf3f508775d,33,2024-12-12 11:52:23,1.0103833333978105,0.0
0xe25b6a0626aeb3298164322fb386c270140f7f176b42ff971df641bc8a0caa66,21390815,1734059447,exchange_price_update,1010587132409147983,0,0xb13aa2d0345b0439b064f26b82d8dcf3f508775d,243,2024-12-13 03:10:47,1.010587132409148,0.0
0xe4439fb17fdb4a92e9526bf4970b6080bdb782c9e2802bab55b6fef543cf604d,21405148,1734232247,exchange_price_update,1011433273771146671,0,0xb13aa2d0345b0439b064f26b82d8dcf3f508775d,246,2024-12-15 03:10:47,1.011433273771147,0.0
0x8f5dd0cff7cfd5c3e49091f33776c06b49e55c57983bbc986f4294f36eefd150,21419477,1734405047,exchange_price_update,1011853258115737988,0,0xb13aa2d0345b0439b064f26b82d8dcf3f508775d,484,2024-12-17 03:10:47,1.011853258115738,0.0
0x614422079a3c574cd2d4f833b122c5905384453f5b71404baf7c4869332e4ccc,21433795,1734577847,exchange_price_update,1011502728784486737,0,0xb13aa2d0345b0439b064f26b82d8dcf3f508775d,266,2024-12-19 03:10:47,1.0115027287844869,0.0
0x93682ead3858f7ef38abbfea9b54259751a4d5a48a520cf9d014cf8ef6a5f97a,21441200,1734667151,exchange_price_update,1011666573984229912,0,0xb13aa2d0345b0439b064f26b82d8dcf3f508775d,11,2024-12-20 03:59:11,1.01166657398423,0.0
0xbd8bcdfb3fc9b431dce181bf9b99e5d574328c14441d7127a0816b29da34a314,21441200,1734667151,exchange_price_update,1011666573984229912,0,0xb13aa2d0345b0439b064f26b82d8dcf3f508775d,12,2024-12-20 03:59:11,1.01166657398423,0.0
0x4a7ec29444bc5b1f611f5469af1dd51718ec4440ba73a464da2a7c88a1143166,21448115,1734750647,exchange_price_update,1011519131591949017,0,0xb13aa2d0345b0439b064f26b82d8dcf3f508775d,47,2024-12-21 03:10:47,1.011519131591949,0.0
0x38e0df26e0f6ba60e64417fac88cec1aa5156096a514cc7e231981e7c5faa621,21462418,1734923447,exchange_price_update,1011508114259121095,0,0xb13aa2d0345b0439b064f26b82d8dcf3f508775d,496,2024-12-23 03:10:47,1.0115081142591211,0.0
0x7a482d2eaff01f87d5ea4194c56ec3d4124685d5db604d13cd412eaaa4b52432,21476715,1735096259,exchange_price_update,1011152243811685180,0,0xb13aa2d0345b0439b064f26b82d8dcf3f508775d,377,2024-12-25 03:10:59,1.0111522438116851,0.0
0x00bf1cae0a8f6506ebd47daff07462a25744d2d921cfa2680955bdde7db5e926,21498685,1735361435,exchange_price_update,1011206193880277225,0,0xb13aa2d0345b0439b064f26b82d8dcf3f508775d,286,2024-12-28 04:50:35,1.0112061938802772,0.0
0x8165f919993d35ac3acfe9c6a65325e9b9a25fd9e2e6d0d01b63cf679aec03f5,21505353,1735441847,exchange_price_update,1011820689974405135,0,0xb13aa2d0345b0439b064f26b82d8dcf3f508775d,312,2024-12-29 03:10:47,1.011820689974405,0.0
0x6bc7c3636955ecef7796aed2d9b37c9740ab37ebeb669e4fc48ed965bc6457e5,21512680,1735530167,exchange_price_update,1011729580242832893,0,0xb13aa2d0345b0439b064f26b82d8dcf3f508775d,160,2024-12-30 03:42:47,1.011729580242833,0.0
0x83f84e792c8b48e95034202995a8c77734bf3dba82e5cca88af3732067849248,21512680,1735530167,exchange_price_update,1011729580242832893,0,0xb13aa2d0345b0439b064f26b82d8dcf3f508775d,161,2024-12-30 03:42:47,1.011729580242833,0.0
0xf5ceae6354d80904224df174e8f6d7c2da9baa72662fdb885d9ed84133b16e46,21519683,1735614659,exchange_price_update,1011562844346541809,0,0xb13aa2d0345b0439b064f26b82d8dcf3f508775d,336,2024-12-31 03:10:59,1.011562844346542,0.0
0xd09f5574e3ade135ce581e1706b6f0b0922fc80d983e25422a36c3015c5739c5,21541213,1735874231,exchange_price_update,1013117513869796341,1380426471077757425,0xb13aa2d0345b0439b064f26b82d8dcf3f508775d,304,2025-01-03 03:17:11,1.0131175138697963,1.3804264710777574
0xa90bea3af0d92f8f9f930175a29037c82fd0a7a7fae4f1a817dd58d37dcecdda,21548344,1735960259,exchange_price_update,1013756721608210760,989596181864779899,0xb13aa2d0345b0439b064f26b82d8dcf3f508775d,239,2025-01-04 03:10:59,1.0137567216082108,0.98959618186478
0xab6a74888c4d11c842da6913e24665b397b0dfcf37521c17e1531caf389c40f4,21562655,1736133047,exchange_price_update,1013534369450655094,0,0xb13aa2d0345b0439b064f26b82d8dcf3f508775d,441,2025-01-06 03:10:47,1.0135343694506551,0.0
0xcf45eb07865110514f8128c1409a955f6df96dfc1f486ba9e5a6016448c98f9c,21570566,1736228459,exchange_price_update,1014926583432258713,1688623823472173027,0xb13aa2d0345b0439b064f26b82d8dcf3f508775d,561,2025-01-07 05:40:59,1.0149265834322587,1.688623823472173
0x44e01353eb7bf900a0b195dc43537207f5b48ee0b3f97861849628861fa0cc33,21570566,1736228459,exchange_price_update,1014828389683188777,0,0xb13aa2d0345b0439b064f26b82d8dcf3f508775d,562,2025-01-07 05:40:59,1.014828389683189,0.0
0x053e19a07aaae13d61a84a3e2b71aaac4f46baf25362951d4b063c12d71d2861,21576980,1736305847,exchange_price_update,1014706544164235227,0,0xb13aa2d0345b0439b064f26b82d8dcf3f508775d,344,2025-01-08 03:10:47,1.0147065441642351,0.0
0xc00f1413b46e7c5921b6c066a45e522322169493665d57a40f6f58c377ef8cc8,21591308,1736478647,exchange_price_update,1014410931481534054,0,0xb13aa2d0345b0439b064f26b82d8dcf3f508775d,586,2025-01-10 03:10:47,1.0144109314815342,0.0
0x4acaae4073b9ecd7f28553c10bb7fd9923e2a2a3d92a9880088971ad03f83e11,21605632,1736651447,exchange_price_update,1014805817202202005,0,0xb13aa2d0345b0439b064f26b82d8dcf3f508775d,325,2025-01-12 03:10:47,1.014805817202202,0.0
0x85a7ffcd97e0f3e36eade2ebd1e5976be7552243561b1db12d311805b8e82121,21613606,1736747615,exchange_price_update,1015070170215481386,0,0xb13aa2d0345b0439b064f26b82d8dcf3f508775d,1,2025-01-13 05:53:35,1.0150701702154814,0.0
0xec942a14b06fed1a62d72923173b4831c268214fd5bcd611e2ddb6dfdad88f8f,21613606,1736747615,exchange_price_update,1015091194609593787,361355959205137110,0xb13aa2d0345b0439b064f26b82d8dcf3f508775d,0,2025-01-13 05:53:35,1.0150911946095935,0.3613559592051371
0x8473bf6e10dfcc582b936d06bdc7d101a0e5e196b324c89455b5ea96c508fec9,21619949,1736824247,exchange_price_update,1015641161299619494,781558451617620687,0xb13aa2d0345b0439b064f26b82d8dcf3f508775d,498,2025-01-14 03:10:47,1.0156411612996197,0.7815584516176207
0x57e89611e570e3ec70d1ab94e4a7fc5bcd7786662a3469a591a0093c93a8cdd7,21634272,1736997047,exchange_price_update,1016137540223084100,741960120353081194,0xb13aa2d0345b0439b064f26b82d8dcf3f508775d,839,2025-01-16 03:10:47,1.016137540223084,0.7419601203530812
0x352a9813e6c1168ba5fd1b62c2063e9af28b913d5857cc61ad2ba7306cea8c5e,21648598,1737169859,exchange_price_update,1015712284370313160,0,0xb13aa2d0345b0439b064f26b82d8dcf3f508775d,373,2025-01-18 03:10:59,1.0157122843703132,0.0
0xd470a133a2f64cd7e8ec3686eaa14fcf4e058c63dd61dcdf425e1e9a0e5ecfc1,21662927,1737342647,exchange_price_update,1016071620377801059,0,0xb13aa2d0345b0439b064f26b82d8dcf3f508775d,173,2025-01-20 03:10:47,1.016071620377801,0.0
0x5bfc58a41860a069cddbbd90b9ca61a898382c7021362e3eaa96bac4317f74d7,21677254,1737515447,exchange_price_update,1016392206809760117,407940131024381745,0xb13aa2d0345b0439b064f26b82d8dcf3f508775d,327,2025-01-22 03:10:47,1.0163922068097602,0.4079401310243817
0xb2daf0c34c940beb7f81b7fd71a9cf4a67359abe6351e0291911aadad77843ad,21691585,1737688247,exchange_price_update,1016249016892208978,0,0xb13aa2d0345b0439b064f26b82d8dcf3f508775d,260,2025-01-24 03:10:47,1.016249016892209,0.0
0x16a522e6609c5b0103036b0c3e2dd5eab7a75304adbce4ed61ba598a1db17e71,21693127,1737706847,exchange_price_update,1016205543991541906,0,0xb13aa2d0345b0439b064f26b82d8dcf3f508775d,77,2025-01-24 08:20:47,1.0162055439915418,0.0
0x792bcf5a0996583451ca97121f39af9a51582b7e61fb87c181a88d5df02f2b5d,21693127,1737706847,exchange_price_update,1016205543991541906,0,0xb13aa2d0345b0439b064f26b82d8dcf3f508775d,76,2025-01-24 08:20:47,1.0162055439915418,0.0
0x0ed14affa65ad8152751e28e9b44835306d8ff337f106f97a31fc6339c384876,21705917,1737861047,exchange_price_update,1016676496409971084,421668241471677952,0xb13aa2d0345b0439b064f26b82d8dcf3f508775d,380,2025-01-26 03:10:47,1.016676496409971,0.421668241471678
0xbdbe59e86c809f28dcce57a87814bda82d57b2e197513f8e854b6536a1b90fcb,21758976,1738501103,exchange_price_update,1017377170241248274,992589245584189774,0xb13aa2d0345b0439b064f26b82d8dcf3f508775d,580,2025-02-02 12:58:23,1.0173771702412482,0.9925892455841898
0x523e7eb7bdbdb37626c6f82ff8502a29493e337fad269e9e2cac7ab5ecf3f526,21761028,1738525895,exchange_price_update,1017729065011793420,561051848488874435,0xb13aa2d0345b0439b064f26b82d8dcf3f508775d,355,2025-02-02 19:51:35,1.0177290650117934,0.5610518484888745
0xe064e80aeaaf8877d5b782cfb6dde7b4e6193a279e7e76392836af550ad3cbbc,21775340,1738698695,exchange_price_update,1017536383741376690,0,0xb13aa2d0345b0439b064f26b82d8dcf3f508775d,485,2025-02-04 19:51:35,1.017536383741377,0.0
0xa84879c911160c693dd6aae3d08e21ebb985ead0c2acb0849f87a1a81c7a58aa,21778360,1738735151,exchange_price_update,1018163920209839765,0,0xb13aa2d0345b0439b064f26b82d8dcf3f508775d,322,2025-02-05 05:59:11,1.0181639202098398,0.0
0xfba1dff8ba931f962d1b22cbc31c9339d7956b69d5aedcd7a2c38af9ef35008b,21778360,1738735151,exchange_price_update,1018204585327739346,695802077940847259,0xb13aa2d0345b0439b064f26b82d8dcf3f508775d,321,2025-02-05 05:59:11,1.0182045853277395,0.6958020779408473
0xe33669f53dedb42dcfd1415137977ad730356d6f7ea93ada27e32552cbb7ef15,21789670,1738871495,exchange_price_update,1017794345660865054,0,0xb13aa2d0345b0439b064f26b82d8dcf3f508775d,419,2025-02-06 19:51:35,1.0177943456608651,0.0
0x328acb2b4d6d0dab541244b3f6fa386bf47cbca96326a18505cd93a1ebbd7e87,21803996,1739044295,exchange_price_update,1017965712695699981,0,0xb13aa2d0345b0439b064f26b82d8dcf3f508775d,762,2025-02-08 19:51:35,1.0179657126957,0.0
0xc282dc7b82ec415ed0ca1f27c9565ae2a0478ed40ebc3639b578af89f8dfee8b,21814599,1739172179,exchange_price_update,1018640076193956521,0,0xb13aa2d0345b0439b064f26b82d8dcf3f508775d,160,2025-02-10 07:22:59,1.0186400761939565,0.0
0x7fa5e1ca52e5a8e79fbf8380815248bfa37a0dc7d61d7fb3cd44baa458fc58c9,21814599,1739172179,exchange_price_update,1018681481062140586,646707708734406157,0xb13aa2d0345b0439b064f26b82d8dcf3f508775d,159,2025-02-10 07:22:59,1.0186814810621403,0.6467077087344062
0xae3a69a92ee4be403455c91b3f77caba1eed5a46b5c31dcecaddef7f46c52b0c,21818325,1739217107,exchange_price_update,1018562213915865265,0,0xb13aa2d0345b0439b064f26b82d8dcf3f508775d,542,2025-02-10 19:51:47,1.0185622139158652,0.0
0x4ad656387e7bd75f4c6a3982c561b6acff4c0be59e7af9d5d6a0d6f7ee42683d,21832607,1739389895,exchange_price_update,1021376975522424327,3419388280951255102,0xb13aa2d0345b0439b064f26b82d8dcf3f508775d,401,2025-02-12 19:51:35,1.0213769755224242,3.4193882809512552
0x5fffd1240ea28c663d09b939013e14868857e053c53eb890f91a89822b1d18bc,21846895,1739562695,exchange_price_update,1021379050994763878,276322493327883835,0xb13aa2d0345b0439b064f26b82d8dcf3f508775d,417,2025-02-14 19:51:35,1.021379050994764,0.2763224933278838
0x25740474d9b14aeac6ddb6dc4a5f02bee3a5fe3f5ac06c311e8d7d423902e461,21861158,1739735495,exchange_price_update,1022513644959407216,1443261098869385618,0xb13aa2d0345b0439b064f26b82d8dcf3f508775d,422,2025-02-16 19:51:35,1.0225136449594072,1.4432610988693857
0x2bd7af905c71ac5b65806fcd50582f22bd1705928ccfe6259fc49576d7199538,21870198,1739844779,exchange_price_update,1023453220863539167,0,0xb13aa2d0345b0439b064f26b82d8dcf3f508775d,116,2025-02-18 02:12:59,1.0234532208635392,0.0
0x5c5ff1c207c803ac3abc3368c00723fb1e983f507adcb222fdb7034a92c800eb,21870198,1739844779,exchange_price_update,1023542938950215912,1404683064164229080,0xb13aa2d0345b0439b064f26b82d8dcf3f508775d,115,2025-02-18 02:12:59,1.023542938950216,1.4046830641642292
0x6c2f2b4c2179c1b8d320a1bb18bce91486f4884e971007bf80b8afd0683218f3,21875464,1739908295,exchange_price_update,1023136764599454773,0,0xb13aa2d0345b0439b064f26b82d8dcf3f508775d,556,2025-02-18 19:51:35,1.023136764599455,0.0
0xc3373881e0fccddeb6e23c7137f1808b1951da22500dd91fa8a2c881225157d9,21889765,1740081095,exchange_price_update,1022375144643002559,0,0xb13aa2d0345b0439b064f26b82d8dcf3f508775d,355,2025-02-20 19:51:35,1.0223751446430025,0.0
0xb1744487388a03df22f5d37e2abedd9090997ed07ae20b98bc0ee61cba864aa5,21904077,1740253919,exchange_price_update,1022596193697749350,0,0xb13aa2d0345b0439b064f26b82d8dcf3f508775d,230,2025-02-22 19:51:59,1.0225961936977497,0.0
0x4d1ae4c5f42b375432b4258240895b95dde6da0e7dd7404aa3be458c0cf74275,21918383,1740426695,exchange_price_update,1025788365857800088,2922667261168031495,0xb13aa2d0345b0439b064f26b82d8dcf3f508775d,530,2025-02-24 19:51:35,1.0257883658578,2.922667261168032
0xceee89b1c3a028d779cbc03af827992f513d820d3fabafa3e8a6c72b93a46a94,21932712,1740599495,exchange_price_update,1024838172463500571,0,0xb13aa2d0345b0439b064f26b82d8dcf3f508775d,369,2025-02-26 19:51:35,1.0248381724635005,0.0
0x228f09d71bb0ba51546bb355bc46d21dac12c2bcc0bdaee148f9af43ecb7a5b7,21947052,1740772295,exchange_price_update,1024176847635578135,0,0xb13aa2d0345b0439b064f26b82d8dcf3f508775d,300,2025-02-28 19:51:35,1.024176847635578,0.0
0x2c8dcb114364b1061fb8b5e8ce09f343b7e72f9245ecc8de2745bcd9ebc86cdc,21961399,1740945095,exchange_price_update,1024526864586306939,0,0xb13aa2d0345b0439b064f26b82d8dcf3f508775d,341,2025-03-02 19:51:35,1.024526864586307,0.0
0xb4a800433d3a0e0aa27373c7d9a10d6fdab9c1f038b6f662649e06201458ffe8,21973181,1741087139,exchange_price_update,1026752655523248624,0,0xb13aa2d0345b0439b064f26b82d8dcf3f508775d,243,2025-03-04 11:18:59,1.026752655523249,0.0
0x720fff93386b62fa1f7e133a2e0b3713461d86d24d8a23823ecc809b98406c5f,21973181,1741087139,exchange_price_update,1026852751285421616,1574891777620543618,0xb13aa2d0345b0439b064f26b82d8dcf3f508775d,242,2025-03-04 11:18:59,1.0268527512854215,1.5748917776205438
0x81b060663527e6bff5183b457df4b0629ee26b8ea4808668bc32ee95db3ec8d6,21975734,1741117907,exchange_price_update,1026394040630358216,0,0xb13aa2d0345b0439b064f26b82d8dcf3f508775d,349,2025-03-04 19:51:47,1.0263940406303582,0.0
0x57ec3c0a39d796c2c854dac8e64a579c3de04ca1bee299869bee4c768e7f4b7c,21990050,1741290695,exchange_price_update,1026459025593394010,0,0xb13aa2d0345b0439b064f26b82d8dcf3f508775d,681,2025-03-06 19:51:35,1.026459025593394,0.0
0x1fe062f971253ac42248c1020519357ad788804552fe16bc3a0a4907953861cb,22004356,1741463495,exchange_price_update,1025682789729478931,0,0xb13aa2d0345b0439b064f26b82d8dcf3f508775d,412,2025-03-08 19:51:35,1.025682789729479,0.0
0xa84e6055b5fabf715355c7fa63b55ff4b19483f26c8041505348208720d7bc9c,22015837,1741602035,exchange_price_update,1027418161719104115,0,0xb13aa2d0345b0439b064f26b82d8dcf3f508775d,66,2025-03-10 10:20:35,1.027418161719104,0.0
0xe6b073e3f68a1b86cb35f929c56d9ba80fe74e294b6e4b4cd4a697226671624c,22015837,1741602035,exchange_price_update,1027476031823091549,907886892020565834,0xb13aa2d0345b0439b064f26b82d8dcf3f508775d,65,2025-03-10 10:20:35,1.0274760318230916,0.907886892020566
0x4373be5414c6dfc58cf3444d7fbdbfd79580c54c367445ada912df930a3a5fc2,22018673,1741636307,exchange_price_update,1028259825706979923,1054622053856426758,0xb13aa2d0345b0439b064f26b82d8dcf3f508775d,647,2025-03-10 19:51:47,1.02825982570698,1.0546220538564268
0x14e4e2adced24b356c99cbd298daebad86f79de30754da29fb299372fd98960a,22032990,1741809095,exchange_price_update,1027277856436608781,0,0xb13aa2d0345b0439b064f26b82d8dcf3f508775d,193,2025-03-12 19:51:35,1.0272778564366087,0.0
0x2f4e6c51fb5405c9360a591bcb002f672f30e1df0662dbfd164bd26e1b518bc7,22043837,1741939883,exchange_price_update,1026852435848059215,0,0xb13aa2d0345b0439b064f26b82d8dcf3f508775d,425,2025-03-14 08:11:23,1.0268524358480593,0.0
0x9782b9742a0a4bc9dbd3977906fa04a03e8c599e2327a540ce6d7be7682330c5,22043893,1741940555,exchange_price_update,1026853133787083870,0,0xb13aa2d0345b0439b064f26b82d8dcf3f508775d,53,2025-03-14 08:22:35,1.026853133787084,0.0
0xc25d9a2126bc90a8f6298ca5d7916b0fc8f5cf134e2daf15426ba7b57376d6a3,22043893,1741940555,exchange_price_update,1026853133787083870,0,0xb13aa2d0345b0439b064f26b82d8dcf3f508775d,52,2025-03-14 08:22:35,1.026853133787084,0.0
0x7e9a5475f22af053d868b810e396a1f267282300dad4cd18665dfb902236e0f5,22047321,1741981895,exchange_price_update,1027425645555260716,0,0xb13aa2d0345b0439b064f26b82d8dcf3f508775d,196,2025-03-14 19:51:35,1.0274256455552606,0.0
0xf50667e3207be967d6bc4d43baf86a4d56348a1163749c67eb1fba46f891f045,22061647,1742154695,exchange_price_update,1026730891334803796,0,0xb13aa2d0345b0439b064f26b82d8dcf3f508775d,163,2025-03-16 19:51:35,1.026730891334804,0.0
0x594a80fa1c388dadde2a0209fdc893178e431c1fedb0eef91c1dda222c436e95,22075964,1742327495,exchange_price_update,1027166761093892471,0,0xb13aa2d0345b0439b064f26b82d8dcf3f508775d,878,2025-03-18 19:51:35,1.0271667610938924,0.0
0xf13f023f58aa353407152a2aa6b8eb30247e53390b398cf722fc9b4d0ba2717c,22090283,1742500295,exchange_price_update,1027845865003040958,0,0xb13aa2d0345b0439b064f26b82d8dcf3f508775d,588,2025-03-20 19:51:35,1.0278458650030409,0.0
0x2f34f306c474000992de37c0efdb7ff71aa1d7bbc01e135b4b03760d6e4edbee,22104625,1742673095,exchange_price_update,1028250819056718403,73361321058829654,0xb13aa2d0345b0439b064f26b82d8dcf3f508775d,233,2025-03-22 19:51:35,1.0282508190567186,0.0733613210588296
0x45a79ee28988019495d3cf49d2727ad36e27e480a7ba994a996ec32b9cd81eff,22118969,1742845895,exchange_price_update,1026800573091602305,0,0xb13aa2d0345b0439b064f26b82d8dcf3f508775d,288,2025-03-24 19:51:35,1.0268005730916023,0.0
0x31a88212a3eba25a840bcefab922b89647351ecf0c7040efb49ae22dce5936be,22123326,1742898527,exchange_price_update,1027294377184262669,0,0xb13aa2d0345b0439b064f26b82d8dcf3f508775d,64,2025-03-25 10:28:47,1.0272943771842626,0.0
0x6d3feea85a05199cbc389cfc7a5a66909a458ec813a513f2644ebfc2ea0cf5de,22123326,1742898527,exchange_price_update,1027294377184262669,0,0xb13aa2d0345b0439b064f26b82d8dcf3f508775d,63,2025-03-25 10:28:47,1.0272943771842626,0.0
0xe2a8e6dcec6543a3f5f090d019db4324b57eea1501c19bc97dd0109eb29d8f66,22133290,1743018695,exchange_price_update,1026618209936659199,0,0xb13aa2d0345b0439b064f26b82d8dcf3f508775d,322,2025-03-26 19:51:35,1.0266182099366592,0.0
0x655dbb1bfd10c9fafcb7e9965d56789c666fb66aef40134127912531e017b26c,22147613,1743191495,exchange_price_update,1031559231687431156,4166519464580190906,0xb13aa2d0345b0439b064f26b82d8dcf3f508775d,519,2025-03-28 19:51:35,1.0315592316874311,4.16651946458019
0x646e37e7cf04f1b3297fff47d607acbb380b408bb858b59d78173cae3db453e3,22161932,1743364295,exchange_price_update,1031182493654874079,0,0xb13aa2d0345b0439b064f26b82d8dcf3f508775d,269,2025-03-30 19:51:35,1.031182493654874,0.0
0x61f9915ccb7763f6fae1f65ad0c0899188c559a36e16b7e37e0a850e76af8b3e,22166276,1743416579,exchange_price_update,1031142280623973092,0,0xb13aa2d0345b0439b064f26b82d8dcf3f508775d,52,2025-03-31 10:22:59,1.0311422806239732,0.0
0x12ead2514053729852e9abbde02fd110251f65059e52815bfb46ea2a8c4002ef,22166277,1743416591,exchange_price_update,1031142268591561001,0,0xb13aa2d0345b0439b064f26b82d8dcf3f508775d,84,2025-03-31 10:23:11,1.031142268591561,0.0
0xf20efec8b35da1bc1a9b502bebe72380176d701424e9b5a8aafa015c16b24cac,22176262,1743537095,exchange_price_update,1030748518768202550,0,0xb13aa2d0345b0439b064f26b82d8dcf3f508775d,654,2025-04-01 19:51:35,1.0307485187682024,0.0
0xe08b244af927517a3a32c99a422c923331fdfc583703f00acf3ffbe1e3c2cb0c,22187087,1743667595,exchange_price_update,1030546249319642399,0,0xb13aa2d0345b0439b064f26b82d8dcf3f508775d,18,2025-04-03 08:06:35,1.0305462493196424,0.0
0x2d5d2de2547b5336b1c148885c17bf81816f2ca2483f2b63c71ee0f09a8c41a7,22187088,1743667607,exchange_price_update,1030546236825847180,0,0xb13aa2d0345b0439b064f26b82d8dcf3f508775d,226,2025-04-03 08:06:47,1.0305462368258471,0.0
0x6259946ed64bfbe1f14db7dcfd0bd07558809855efa257c7559ba077e0c8ce4c,22190586,1743709895,exchange_price_update,1030157207772385618,0,0xb13aa2d0345b0439b064f26b82d8dcf3f508775d,487,2025-04-03 19:51:35,1.0301572077723855,0.0
0xf8a961086103b249c7ebb25ae41012903f280e26a69b1c87e2a80f65f8b564c1,22204918,1743882719,exchange_price_update,1030259445617421810,0,0xb13aa2d0345b0439b064f26b82d8dcf3f508775d,457,2025-04-05 19:51:59,1.030259445617422,0.0
0xddbce070f31b9ccf60c316f32584d77f191e995f86217220823e7151001d60d0,22219223,1744055495,exchange_price_update,1029336047736830676,0,0xb13aa2d0345b0439b064f26b82d8dcf3f508775d,93,2025-04-07 19:51:35,1.0293360477368307,0.0
0x8c9f6d92aae5d9ce690d53bb2e7e89e0654bc97493e4a3d73efc496cdbd66fd5,22223261,1744104191,exchange_price_update,1029304424961399584,0,0xb13aa2d0345b0439b064f26b82d8dcf3f508775d,57,2025-04-08 09:23:11,1.0293044249613996,0.0
0x61dc546f96849f00e39076d4a8636b3f4349af69ffe07ebe40e5022c88ddcdc1,22223262,1744104203,exchange_price_update,1029304412144298456,0,0xb13aa2d0345b0439b064f26b82d8dcf3f508775d,174,2025-04-08 09:23:23,1.0293044121442985,0.0
0x449b39217f18acfd889abc234cd56c9d5bb40e7f129c3491bf52b14f0a8ba421,22233557,1744228295,exchange_price_update,1028495614109999080,0,0xb13aa2d0345b0439b064f26b82d8dcf3f508775d,325,2025-04-09 19:51:35,1.028495614109999,0.0
0x6f58ea05ba6805dca66ffc36e068983ca4d10a86e986d04d1ea444cd6853e34b,22247906,1744401095,exchange_price_update,1028378825748943875,0,0xb13aa2d0345b0439b064f26b82d8dcf3f508775d,187,2025-04-11 19:51:35,1.028378825748944,0.0
0x03ba35f1ac068338a341e3ce4cbc7170b81000ced1bc7ca3b34db1903508c60f,22262263,1744573907,exchange_price_update,1051404519168790772,25197858634519136503,0xb13aa2d0345b0439b064f26b82d8dcf3f508775d,118,2025-04-13 19:51:47,1.0514045191687909,25.19785863451914
0x2221acc0c1a09eebfdc3d2ad01ac59b1a9006bd84b898e1b6c1454a4f08b5552,22276586,1744746695,exchange_price_update,1057247175308969259,9337155114594960727,0xb13aa2d0345b0439b064f26b82d8dcf3f508775d,408,2025-04-15 19:51:35,1.0572471753089692,9.337155114594962
0x3587c6ad99f332b37a8a96182a2de2721419744319582888d6c1af540bce6dbd,22290920,1744919495,exchange_price_update,1056204392950111468,0,0xb13aa2d0345b0439b064f26b82d8dcf3f508775d,264,2025-04-17 19:51:35,1.0562043929501117,0.0
0x5677826e15f293aef194df87171702cad7d55f30e2804398434d92a61d0933ab,22305254,1745092307,exchange_price_update,1055418715848875673,0,0xb13aa2d0345b0439b064f26b82d8dcf3f508775d,483,2025-04-19 19:51:47,1.0554187158488757,0.0
0x747580b824d62e02fd15b03809c3b2561d2436dfe412e9ca2e3efa9499550289,22319585,1745265095,exchange_price_update,1054616341475830936,0,0xb13aa2d0345b0439b064f26b82d8dcf3f508775d,433,2025-04-21 19:51:35,1.054616341475831,0.0
0x9a41e23394c8975cd11005749cfb34652c5a2e891270feaf6eea8326f1146cd9,22333912,1745437907,exchange_price_update,1053800241314035567,0,0xb13aa2d0345b0439b064f26b82d8dcf3f508775d,586,2025-04-23 19:51:47,1.0538002413140355,0.0
0x4b537b5e2a4ab59101864ac658b000e4f3a5312861445f1acccb014c44d948b5,22345302,1745575247,exchange_price_update,1053493143096190614,0,0xb13aa2d0345b0439b064f26b82d8dcf3f508775d,691,2025-04-25 10:00:47,1.053493143096191,0.0
0x10ddb2ab27c59355c2017540368c2b2215cd28de68b7bf06abea4270029b9f76,22345355,1745575883,exchange_price_update,1053492324481215371,0,0xb13aa2d0345b0439b064f26b82d8dcf3f508775d,39,2025-04-25 10:11:23,1.053492324481215,0.0
0x8710de05a94ca7e97be57a7d6a4f5d5cdc205d0f6f85bab6f06d3ab3396ba2fa,22345355,1745575883,exchange_price_update,1053492324481215371,0,0xb13aa2d0345b0439b064f26b82d8dcf3f508775d,40,2025-04-25 10:11:23,1.053492324481215,0.0
0x98d27501a20a2610b4b1df42a54b84f7c29bb342fda2abfd246c3a73866badb8,22348241,1745610695,exchange_price_update,1053110667911370074,0,0xb13aa2d0345b0439b064f26b82d8dcf3f508775d,154,2025-04-25 19:51:35,1.0531106679113702,0.0
0x2609ee61b23e2b0429a13a3865e534563dfd5af772a83a091a2a8c0523f2ef34,22362599,1745783495,exchange_price_update,1052070290609832051,0,0xb13aa2d0345b0439b064f26b82d8dcf3f508775d,74,2025-04-27 19:51:35,1.052070290609832,0.0
0x1f9efc18d068c5153d95560f53c7a093634c0140f9016f49443f0a04555046cb,22373989,1745920931,exchange_price_update,1051633998373695906,0,0xb13aa2d0345b0439b064f26b82d8dcf3f508775d,143,2025-04-29 10:02:11,1.051633998373696,0.0
0x53c1b702dd9221f0ea6bda9542e108d787742c740ab471458a2f0e14457797d7,22373989,1745920931,exchange_price_update,1051633998373695906,0,0xb13aa2d0345b0439b064f26b82d8dcf3f508775d,144,2025-04-29 10:02:11,1.051633998373696,0.0
0xf40f991953bd899c0b390bcbe35268a3ae510c13a8f307a1bbbdb6cc0d91bfeb,22376918,1745956319,exchange_price_update,1051262302675081951,0,0xb13aa2d0345b0439b064f26b82d8dcf3f508775d,470,2025-04-29 19:51:59,1.051262302675082,0.0
0x3d24e0708300192b58a7ba706c8cc39769b6402fcf218ae2e074d172406f3940,22391202,1746129095,exchange_price_update,1050460375079942653,0,0xb13aa2d0345b0439b064f26b82d8dcf3f508775d,693,2025-05-01 19:51:35,1.0504603750799426,0.0
