tx_hash,block_number,timestamp,from_address,to_address,value,token_address,log_index,datetime
0x55c9db343cf500ed2f6fa6dde2fbdc665a133ab9d3a046546d6878c4c58cd44b,20468221,1722931511,0x31ccd63c654c61446288546da9ead31b17b99db0,0xb13aa2d0345b0439b064f26b82d8dcf3f508775d,0.0425516837984637,0x7f39c581f595b53c5cb19bd0b3f8da6c935e2ca0,480,2024-08-06 08:05:11
0x55c9db343cf500ed2f6fa6dde2fbdc665a133ab9d3a046546d6878c4c58cd44b,20468221,1722931511,0xb13aa2d0345b0439b064f26b82d8dcf3f508775d,0x0000000000000000000000000000000000000000,0.0425516837984637,0x7f39c581f595b53c5cb19bd0b3f8da6c935e2ca0,483,2024-08-06 08:05:11
0x2f406f2a9f8a239501f27020f96ce8321111e918c98270cb23594efc13033988,20526141,1723629695,0x844fa4379f3c92f79b32f92574ed3694c2b7b49c,0xb13aa2d0345b0439b064f26b82d8dcf3f508775d,1.71,0x7f39c581f595b53c5cb19bd0b3f8da6c935e2ca0,219,2024-08-14 10:01:35
0x2f406f2a9f8a239501f27020f96ce8321111e918c98270cb23594efc13033988,20526141,1723629695,0xb13aa2d0345b0439b064f26b82d8dcf3f508775d,0x0000000000000000000000000000000000000000,1.71,0x7f39c581f595b53c5cb19bd0b3f8da6c935e2ca0,222,2024-08-14 10:01:35
0x6ea94fbb21aca0620ddf2acb85ab605ef150a9b1321797831689658b9fb1a5e5,20527027,1723640387,0x411b38753cc6faf8af193e2498b1e2826cbfc727,0xb13aa2d0345b0439b064f26b82d8dcf3f508775d,0.855,0x7f39c581f595b53c5cb19bd0b3f8da6c935e2ca0,262,2024-08-14 12:59:47
0x6ea94fbb21aca0620ddf2acb85ab605ef150a9b1321797831689658b9fb1a5e5,20527027,1723640387,0xb13aa2d0345b0439b064f26b82d8dcf3f508775d,0x0000000000000000000000000000000000000000,0.855,0x7f39c581f595b53c5cb19bd0b3f8da6c935e2ca0,265,2024-08-14 12:59:47
0xc92428a132a69206384bab34737276b37e218d479ff3a56ed1b1138547626902,20583507,1724321987,0xfed44edf4560dc09271d3a7d514b843f789540a5,0x0000000000000000000000000000000000000000,12.000000001194856,0x7f39c581f595b53c5cb19bd0b3f8da6c935e2ca0,600,2024-08-22 10:19:47
0x510877165531a7a2b583ee009d9bd0ad7d90aefe81047ad7d634e527a1064545,20667440,1725335015,0x0000000000000000000000000000000000000000,0x07833eadf87cd3079da281395f2fba24b61f90f7,67.9365639965484,0x7f39c581f595b53c5cb19bd0b3f8da6c935e2ca0,111,2024-09-03 03:43:35
0x510877165531a7a2b583ee009d9bd0ad7d90aefe81047ad7d634e527a1064545,20667440,1725335015,0xe37e799d5077682fa0a244d46e5649f71457bd09,0x0000000000000000000000000000000000000000,67.9365639965484,0x7f39c581f595b53c5cb19bd0b3f8da6c935e2ca0,104,2024-09-03 03:43:35
0x510877165531a7a2b583ee009d9bd0ad7d90aefe81047ad7d634e527a1064545,20667440,1725335015,0x109830a1aaad605bbf02a9dfa7b0b92ec2fb7daa,0xe37e799d5077682fa0a244d46e5649f71457bd09,67.9365639965484,0x7f39c581f595b53c5cb19bd0b3f8da6c935e2ca0,101,2024-09-03 03:43:35
0x510877165531a7a2b583ee009d9bd0ad7d90aefe81047ad7d634e527a1064545,20667440,1725335015,0x07833eadf87cd3079da281395f2fba24b61f90f7,0xc035a7cf15375ce2706766804551791ad035e0c2,84.91515952883393,0x7f39c581f595b53c5cb19bd0b3f8da6c935e2ca0,88,2024-09-03 03:43:35
0x510877165531a7a2b583ee009d9bd0ad7d90aefe81047ad7d634e527a1064545,20667440,1725335015,0x0000000000000000000000000000000000000000,0x07833eadf87cd3079da281395f2fba24b61f90f7,84.91515952883393,0x7f39c581f595b53c5cb19bd0b3f8da6c935e2ca0,84,2024-09-03 03:43:35
0x510877165531a7a2b583ee009d9bd0ad7d90aefe81047ad7d634e527a1064545,20667440,1725335015,0x07833eadf87cd3079da281395f2fba24b61f90f7,0xc035a7cf15375ce2706766804551791ad035e0c2,67.9365639965484,0x7f39c581f595b53c5cb19bd0b3f8da6c935e2ca0,115,2024-09-03 03:43:35
0x72afe755e555a6e919b46637902e27e9d879031e4f69f148cb91c010a444cd9f,20668205,1725344267,0x0000000000000000000000000000000000000000,0x07833eadf87cd3079da281395f2fba24b61f90f7,946.8040287464984,0x7f39c581f595b53c5cb19bd0b3f8da6c935e2ca0,325,2024-09-03 06:17:47
0x72afe755e555a6e919b46637902e27e9d879031e4f69f148cb91c010a444cd9f,20668205,1725344267,0xe37e799d5077682fa0a244d46e5649f71457bd09,0x0000000000000000000000000000000000000000,946.8040287464984,0x7f39c581f595b53c5cb19bd0b3f8da6c935e2ca0,318,2024-09-03 06:17:47
0x72afe755e555a6e919b46637902e27e9d879031e4f69f148cb91c010a444cd9f,20668205,1725344267,0x07833eadf87cd3079da281395f2fba24b61f90f7,0xc035a7cf15375ce2706766804551791ad035e0c2,946.8040287464984,0x7f39c581f595b53c5cb19bd0b3f8da6c935e2ca0,329,2024-09-03 06:17:47
0x72afe755e555a6e919b46637902e27e9d879031e4f69f148cb91c010a444cd9f,20668205,1725344267,0x0000000000000000000000000000000000000000,0xe37e799d5077682fa0a244d46e5649f71457bd09,946.8040287464984,0x7f39c581f595b53c5cb19bd0b3f8da6c935e2ca0,317,2024-09-03 06:17:47
0xd216bcf6841f29fe952c7dfc6ca837418407e69771df0931ace6c49b91d51de9,20706139,1725801503,0xb13aa2d0345b0439b064f26b82d8dcf3f508775d,0x0000000000000000000000000000000000000000,12.324983870557553,0x7f39c581f595b53c5cb19bd0b3f8da6c935e2ca0,179,2024-09-08 13:18:23
0xd216bcf6841f29fe952c7dfc6ca837418407e69771df0931ace6c49b91d51de9,20706139,1725801503,0xfdfb4846744f13f03ce332543e035d58592526f1,0xb13aa2d0345b0439b064f26b82d8dcf3f508775d,12.324983870557553,0x7f39c581f595b53c5cb19bd0b3f8da6c935e2ca0,176,2024-09-08 13:18:23
0x6335dadacbfabcfda7ad8afc823020d2d61c5c8c65ec56d04d560c0567cbcba4,20719223,1725959327,0x0000000000000000000000000000000000000000,0x07833eadf87cd3079da281395f2fba24b61f90f7,1188.8809441200283,0x7f39c581f595b53c5cb19bd0b3f8da6c935e2ca0,314,2024-09-10 09:08:47
0x6335dadacbfabcfda7ad8afc823020d2d61c5c8c65ec56d04d560c0567cbcba4,20719223,1725959327,0x0000000000000000000000000000000000000000,0x07833eadf87cd3079da281395f2fba24b61f90f7,848.6530549983056,0x7f39c581f595b53c5cb19bd0b3f8da6c935e2ca0,287,2024-09-10 09:08:47
0x6335dadacbfabcfda7ad8afc823020d2d61c5c8c65ec56d04d560c0567cbcba4,20719223,1725959327,0x07833eadf87cd3079da281395f2fba24b61f90f7,0xc035a7cf15375ce2706766804551791ad035e0c2,848.6530549983056,0x7f39c581f595b53c5cb19bd0b3f8da6c935e2ca0,291,2024-09-10 09:08:47
0x6335dadacbfabcfda7ad8afc823020d2d61c5c8c65ec56d04d560c0567cbcba4,20719223,1725959327,0x109830a1aaad605bbf02a9dfa7b0b92ec2fb7daa,0xe37e799d5077682fa0a244d46e5649f71457bd09,951.1054629523936,0x7f39c581f595b53c5cb19bd0b3f8da6c935e2ca0,304,2024-09-10 09:08:47
0x6335dadacbfabcfda7ad8afc823020d2d61c5c8c65ec56d04d560c0567cbcba4,20719223,1725959327,0xe37e799d5077682fa0a244d46e5649f71457bd09,0x0000000000000000000000000000000000000000,951.1054629523936,0x7f39c581f595b53c5cb19bd0b3f8da6c935e2ca0,307,2024-09-10 09:08:47
0x6335dadacbfabcfda7ad8afc823020d2d61c5c8c65ec56d04d560c0567cbcba4,20719223,1725959327,0x07833eadf87cd3079da281395f2fba24b61f90f7,0xc035a7cf15375ce2706766804551791ad035e0c2,1188.8809441200283,0x7f39c581f595b53c5cb19bd0b3f8da6c935e2ca0,318,2024-09-10 09:08:47
0x064174d8c39eafc9e3bcca87c6030310fd59328d3dd4932cbeeb49f5a0828d48,20719281,1725960023,0x07833eadf87cd3079da281395f2fba24b61f90f7,0xc035a7cf15375ce2706766804551791ad035e0c2,1698.2247314677732,0x7f39c581f595b53c5cb19bd0b3f8da6c935e2ca0,519,2024-09-10 09:20:23
0x064174d8c39eafc9e3bcca87c6030310fd59328d3dd4932cbeeb49f5a0828d48,20719281,1725960023,0x0000000000000000000000000000000000000000,0x07833eadf87cd3079da281395f2fba24b61f90f7,1698.2247314677732,0x7f39c581f595b53c5cb19bd0b3f8da6c935e2ca0,515,2024-09-10 09:20:23
0x064174d8c39eafc9e3bcca87c6030310fd59328d3dd4932cbeeb49f5a0828d48,20719281,1725960023,0xe37e799d5077682fa0a244d46e5649f71457bd09,0x0000000000000000000000000000000000000000,1018.9591339630642,0x7f39c581f595b53c5cb19bd0b3f8da6c935e2ca0,508,2024-09-10 09:20:23
0x064174d8c39eafc9e3bcca87c6030310fd59328d3dd4932cbeeb49f5a0828d48,20719281,1725960023,0x109830a1aaad605bbf02a9dfa7b0b92ec2fb7daa,0xe37e799d5077682fa0a244d46e5649f71457bd09,1018.9591339630642,0x7f39c581f595b53c5cb19bd0b3f8da6c935e2ca0,505,2024-09-10 09:20:23
0x92c679f3cd7f8966251e461d9b7273cdd6c400f418e9dac775be30db33c79514,20719493,1725962579,0xe37e799d5077682fa0a244d46e5649f71457bd09,0x0000000000000000000000000000000000000000,849.0189757139383,0x7f39c581f595b53c5cb19bd0b3f8da6c935e2ca0,438,2024-09-10 10:02:59
0x92c679f3cd7f8966251e461d9b7273cdd6c400f418e9dac775be30db33c79514,20719493,1725962579,0x109830a1aaad605bbf02a9dfa7b0b92ec2fb7daa,0xe37e799d5077682fa0a244d46e5649f71457bd09,849.0189757139383,0x7f39c581f595b53c5cb19bd0b3f8da6c935e2ca0,435,2024-09-10 10:02:59
0x92c679f3cd7f8966251e461d9b7273cdd6c400f418e9dac775be30db33c79514,20719493,1725962579,0x07833eadf87cd3079da281395f2fba24b61f90f7,0xc035a7cf15375ce2706766804551791ad035e0c2,1698.0288052194733,0x7f39c581f595b53c5cb19bd0b3f8da6c935e2ca0,449,2024-09-10 10:02:59
0x92c679f3cd7f8966251e461d9b7273cdd6c400f418e9dac775be30db33c79514,20719493,1725962579,0x0000000000000000000000000000000000000000,0x07833eadf87cd3079da281395f2fba24b61f90f7,1698.0288052194733,0x7f39c581f595b53c5cb19bd0b3f8da6c935e2ca0,445,2024-09-10 10:02:59
0x26c1135a3f038b1d70e695ab82863d2d8a4bd5b7ed715ff722344b23588d1328,20719526,1725962975,0x07833eadf87cd3079da281395f2fba24b61f90f7,0xc035a7cf15375ce2706766804551791ad035e0c2,1697.7211853882425,0x7f39c581f595b53c5cb19bd0b3f8da6c935e2ca0,477,2024-09-10 10:09:35
0x26c1135a3f038b1d70e695ab82863d2d8a4bd5b7ed715ff722344b23588d1328,20719526,1725962975,0x3a1b97fc25fa45832f588ed3bfb2a0f74ddbd4f8,0xe37e799d5077682fa0a244d46e5649f71457bd09,10.187729151028224,0x7f39c581f595b53c5cb19bd0b3f8da6c935e2ca0,452,2024-09-10 10:09:35
0x26c1135a3f038b1d70e695ab82863d2d8a4bd5b7ed715ff722344b23588d1328,20719526,1725962975,0x109830a1aaad605bbf02a9dfa7b0b92ec2fb7daa,0xe37e799d5077682fa0a244d46e5649f71457bd09,499.13327443865137,0x7f39c581f595b53c5cb19bd0b3f8da6c935e2ca0,455,2024-09-10 10:09:35
0x26c1135a3f038b1d70e695ab82863d2d8a4bd5b7ed715ff722344b23588d1328,20719526,1725962975,0xe37e799d5077682fa0a244d46e5649f71457bd09,0x0000000000000000000000000000000000000000,509.3210035896796,0x7f39c581f595b53c5cb19bd0b3f8da6c935e2ca0,458,2024-09-10 10:09:35
0x26c1135a3f038b1d70e695ab82863d2d8a4bd5b7ed715ff722344b23588d1328,20719526,1725962975,0x0000000000000000000000000000000000000000,0x07833eadf87cd3079da281395f2fba24b61f90f7,1697.7211853882425,0x7f39c581f595b53c5cb19bd0b3f8da6c935e2ca0,473,2024-09-10 10:09:35
0x41707b2fb14bbd0cdfce67d3a4882c71897b74d316ab64164a8168bc09355cb2,20719760,1725965783,0xe37e799d5077682fa0a244d46e5649f71457bd09,0x0000000000000000000000000000000000000000,339.5279147433338,0x7f39c581f595b53c5cb19bd0b3f8da6c935e2ca0,307,2024-09-10 10:56:23
0x41707b2fb14bbd0cdfce67d3a4882c71897b74d316ab64164a8168bc09355cb2,20719760,1725965783,0x109830a1aaad605bbf02a9dfa7b0b92ec2fb7daa,0xe37e799d5077682fa0a244d46e5649f71457bd09,339.5279147433338,0x7f39c581f595b53c5cb19bd0b3f8da6c935e2ca0,304,2024-09-10 10:56:23
0x41707b2fb14bbd0cdfce67d3a4882c71897b74d316ab64164a8168bc09355cb2,20719760,1725965783,0x07833eadf87cd3079da281395f2fba24b61f90f7,0xc035a7cf15375ce2706766804551791ad035e0c2,848.8048430217702,0x7f39c581f595b53c5cb19bd0b3f8da6c935e2ca0,330,2024-09-10 10:56:23
0x41707b2fb14bbd0cdfce67d3a4882c71897b74d316ab64164a8168bc09355cb2,20719760,1725965783,0x0000000000000000000000000000000000000000,0x07833eadf87cd3079da281395f2fba24b61f90f7,848.8048430217702,0x7f39c581f595b53c5cb19bd0b3f8da6c935e2ca0,326,2024-09-10 10:56:23
0x83eae55bbfe376b983fc04239a9bee325e0bc7e1a3d66969aca2ff2d1434d40f,20720584,1725975815,0x0000000000000000000000000000000000000000,0x07833eadf87cd3079da281395f2fba24b61f90f7,8485.994913892708,0x7f39c581f595b53c5cb19bd0b3f8da6c935e2ca0,360,2024-09-10 13:43:35
0x83eae55bbfe376b983fc04239a9bee325e0bc7e1a3d66969aca2ff2d1434d40f,20720584,1725975815,0x07833eadf87cd3079da281395f2fba24b61f90f7,0xc035a7cf15375ce2706766804551791ad035e0c2,8485.994913892708,0x7f39c581f595b53c5cb19bd0b3f8da6c935e2ca0,364,2024-09-10 13:43:35
0x83eae55bbfe376b983fc04239a9bee325e0bc7e1a3d66969aca2ff2d1434d40f,20720584,1725975815,0x0000000000000000000000000000000000000000,0x07833eadf87cd3079da281395f2fba24b61f90f7,763.7245462595148,0x7f39c581f595b53c5cb19bd0b3f8da6c935e2ca0,320,2024-09-10 13:43:35
0x83eae55bbfe376b983fc04239a9bee325e0bc7e1a3d66969aca2ff2d1434d40f,20720584,1725975815,0x07833eadf87cd3079da281395f2fba24b61f90f7,0xc035a7cf15375ce2706766804551791ad035e0c2,763.7245462595148,0x7f39c581f595b53c5cb19bd0b3f8da6c935e2ca0,324,2024-09-10 13:43:35
0x83eae55bbfe376b983fc04239a9bee325e0bc7e1a3d66969aca2ff2d1434d40f,20720584,1725975815,0x0000000000000000000000000000000000000000,0xe37e799d5077682fa0a244d46e5649f71457bd09,1629.279032020298,0x7f39c581f595b53c5cb19bd0b3f8da6c935e2ca0,340,2024-09-10 13:43:35
0x83eae55bbfe376b983fc04239a9bee325e0bc7e1a3d66969aca2ff2d1434d40f,20720584,1725975815,0xe37e799d5077682fa0a244d46e5649f71457bd09,0x0000000000000000000000000000000000000000,2545.835628771805,0x7f39c581f595b53c5cb19bd0b3f8da6c935e2ca0,341,2024-09-10 13:43:35
0x83eae55bbfe376b983fc04239a9bee325e0bc7e1a3d66969aca2ff2d1434d40f,20720584,1725975815,0x109830a1aaad605bbf02a9dfa7b0b92ec2fb7daa,0xe37e799d5077682fa0a244d46e5649f71457bd09,916.556596751507,0x7f39c581f595b53c5cb19bd0b3f8da6c935e2ca0,333,2024-09-10 13:43:35
0xea3bf1dd3a47d5bbf81b11241aae304ca055d1cc3d18aab3ec3b69f00e9f8311,20746198,1726284863,0x07833eadf87cd3079da281395f2fba24b61f90f7,0xc035a7cf15375ce2706766804551791ad035e0c2,3733.3917822540297,0x7f39c581f595b53c5cb19bd0b3f8da6c935e2ca0,316,2024-09-14 03:34:23
0xea3bf1dd3a47d5bbf81b11241aae304ca055d1cc3d18aab3ec3b69f00e9f8311,20746198,1726284863,0x0000000000000000000000000000000000000000,0x07833eadf87cd3079da281395f2fba24b61f90f7,3733.3917822540297,0x7f39c581f595b53c5cb19bd0b3f8da6c935e2ca0,312,2024-09-14 03:34:23
0xea3bf1dd3a47d5bbf81b11241aae304ca055d1cc3d18aab3ec3b69f00e9f8311,20746198,1726284863,0x0000000000000000000000000000000000000000,0xe37e799d5077682fa0a244d46e5649f71457bd09,783.9018743196531,0x7f39c581f595b53c5cb19bd0b3f8da6c935e2ca0,304,2024-09-14 03:34:23
0xea3bf1dd3a47d5bbf81b11241aae304ca055d1cc3d18aab3ec3b69f00e9f8311,20746198,1726284863,0x109830a1aaad605bbf02a9dfa7b0b92ec2fb7daa,0xe37e799d5077682fa0a244d46e5649f71457bd09,1829.465916865235,0x7f39c581f595b53c5cb19bd0b3f8da6c935e2ca0,297,2024-09-14 03:34:23
0xea3bf1dd3a47d5bbf81b11241aae304ca055d1cc3d18aab3ec3b69f00e9f8311,20746198,1726284863,0xe37e799d5077682fa0a244d46e5649f71457bd09,0x0000000000000000000000000000000000000000,2613.367791184888,0x7f39c581f595b53c5cb19bd0b3f8da6c935e2ca0,305,2024-09-14 03:34:23
0x4d69313fa518be3d155c0d1c0970e67943fda92175ad7c72a43186a7e6fc27c7,20774529,1726626863,0x07833eadf87cd3079da281395f2fba24b61f90f7,0xc035a7cf15375ce2706766804551791ad035e0c2,2121.577717573461,0x7f39c581f595b53c5cb19bd0b3f8da6c935e2ca0,425,2024-09-18 02:34:23
0x4d69313fa518be3d155c0d1c0970e67943fda92175ad7c72a43186a7e6fc27c7,20774529,1726626863,0x0000000000000000000000000000000000000000,0x07833eadf87cd3079da281395f2fba24b61f90f7,2121.577717573461,0x7f39c581f595b53c5cb19bd0b3f8da6c935e2ca0,421,2024-09-18 02:34:23
0x4d69313fa518be3d155c0d1c0970e67943fda92175ad7c72a43186a7e6fc27c7,20774529,1726626863,0x0000000000000000000000000000000000000000,0x07833eadf87cd3079da281395f2fba24b61f90f7,848.1054290212313,0x7f39c581f595b53c5cb19bd0b3f8da6c935e2ca0,394,2024-09-18 02:34:23
0x4d69313fa518be3d155c0d1c0970e67943fda92175ad7c72a43186a7e6fc27c7,20774529,1726626863,0x07833eadf87cd3079da281395f2fba24b61f90f7,0xc035a7cf15375ce2706766804551791ad035e0c2,848.1054290212313,0x7f39c581f595b53c5cb19bd0b3f8da6c935e2ca0,398,2024-09-18 02:34:23
0x4d69313fa518be3d155c0d1c0970e67943fda92175ad7c72a43186a7e6fc27c7,20774529,1726626863,0xe37e799d5077682fa0a244d46e5649f71457bd09,0x0000000000000000000000000000000000000000,1485.0674547393817,0x7f39c581f595b53c5cb19bd0b3f8da6c935e2ca0,414,2024-09-18 02:34:23
0x4d69313fa518be3d155c0d1c0970e67943fda92175ad7c72a43186a7e6fc27c7,20774529,1726626863,0x109830a1aaad605bbf02a9dfa7b0b92ec2fb7daa,0xe37e799d5077682fa0a244d46e5649f71457bd09,1485.0674547393817,0x7f39c581f595b53c5cb19bd0b3f8da6c935e2ca0,411,2024-09-18 02:34:23
0x3b7a04327ccab6e8e81aaa817f41e7b3ef001b8da82744d603ded30986b50ee8,20791202,1726828115,0xe37e799d5077682fa0a244d46e5649f71457bd09,0x0000000000000000000000000000000000000000,1068.5576349047867,0x7f39c581f595b53c5cb19bd0b3f8da6c935e2ca0,594,2024-09-20 10:28:35
0x3b7a04327ccab6e8e81aaa817f41e7b3ef001b8da82744d603ded30986b50ee8,20791202,1726828115,0x0000000000000000000000000000000000000000,0x07833eadf87cd3079da281395f2fba24b61f90f7,1526.5201615250437,0x7f39c581f595b53c5cb19bd0b3f8da6c935e2ca0,603,2024-09-20 10:28:35
0x3b7a04327ccab6e8e81aaa817f41e7b3ef001b8da82744d603ded30986b50ee8,20791202,1726828115,0x109830a1aaad605bbf02a9dfa7b0b92ec2fb7daa,0xe37e799d5077682fa0a244d46e5649f71457bd09,1068.5576349047867,0x7f39c581f595b53c5cb19bd0b3f8da6c935e2ca0,591,2024-09-20 10:28:35
0x3b7a04327ccab6e8e81aaa817f41e7b3ef001b8da82744d603ded30986b50ee8,20791202,1726828115,0x07833eadf87cd3079da281395f2fba24b61f90f7,0xc035a7cf15375ce2706766804551791ad035e0c2,1526.5201615250437,0x7f39c581f595b53c5cb19bd0b3f8da6c935e2ca0,607,2024-09-20 10:28:35
0xf04e92014d84857f318402ee14f025d87578dc55aeca86f3a2d397dd135b4232,20819950,1727174819,0x0000000000000000000000000000000000000000,0x07833eadf87cd3079da281395f2fba24b61f90f7,6611.7277178347695,0x7f39c581f595b53c5cb19bd0b3f8da6c935e2ca0,371,2024-09-24 10:46:59
0xf04e92014d84857f318402ee14f025d87578dc55aeca86f3a2d397dd135b4232,20819950,1727174819,0x07833eadf87cd3079da281395f2fba24b61f90f7,0xc035a7cf15375ce2706766804551791ad035e0c2,6611.7277178347695,0x7f39c581f595b53c5cb19bd0b3f8da6c935e2ca0,375,2024-09-24 10:46:59
0x0aa13b1c8463343d6abb61bca8b54658f4ca6655edecb55e38515a24aa6e80a2,20825615,1727243063,0xc035a7cf15375ce2706766804551791ad035e0c2,0x07833eadf87cd3079da281395f2fba24b61f90f7,2627.505639874887,0x7f39c581f595b53c5cb19bd0b3f8da6c935e2ca0,786,2024-09-25 05:44:23
0x0aa13b1c8463343d6abb61bca8b54658f4ca6655edecb55e38515a24aa6e80a2,20825615,1727243063,0x07833eadf87cd3079da281395f2fba24b61f90f7,0x0000000000000000000000000000000000000000,2627.505639874887,0x7f39c581f595b53c5cb19bd0b3f8da6c935e2ca0,788,2024-09-25 05:44:23
0x0aa13b1c8463343d6abb61bca8b54658f4ca6655edecb55e38515a24aa6e80a2,20825615,1727243063,0x0000000000000000000000000000000000000000,0xe37e799d5077682fa0a244d46e5649f71457bd09,2102.00451189991,0x7f39c581f595b53c5cb19bd0b3f8da6c935e2ca0,802,2024-09-25 05:44:23
0x0aa13b1c8463343d6abb61bca8b54658f4ca6655edecb55e38515a24aa6e80a2,20825615,1727243063,0xe37e799d5077682fa0a244d46e5649f71457bd09,0x109830a1aaad605bbf02a9dfa7b0b92ec2fb7daa,2102.00451189991,0x7f39c581f595b53c5cb19bd0b3f8da6c935e2ca0,807,2024-09-25 05:44:23
0x04f4ff13b920c812a3634243b1f2cb9cbce939173ff7788fc8045b21e4be14fd,20862222,1727684303,0x109830a1aaad605bbf02a9dfa7b0b92ec2fb7daa,0xe37e799d5077682fa0a244d46e5649f71457bd09,1016.9756428746404,0x7f39c581f595b53c5cb19bd0b3f8da6c935e2ca0,460,2024-09-30 08:18:23
0x04f4ff13b920c812a3634243b1f2cb9cbce939173ff7788fc8045b21e4be14fd,20862222,1727684303,0xe37e799d5077682fa0a244d46e5649f71457bd09,0x0000000000000000000000000000000000000000,1016.9756428746404,0x7f39c581f595b53c5cb19bd0b3f8da6c935e2ca0,463,2024-09-30 08:18:23
0x04f4ff13b920c812a3634243b1f2cb9cbce939173ff7788fc8045b21e4be14fd,20862222,1727684303,0x0000000000000000000000000000000000000000,0x07833eadf87cd3079da281395f2fba24b61f90f7,1694.9189396827348,0x7f39c581f595b53c5cb19bd0b3f8da6c935e2ca0,470,2024-09-30 08:18:23
0x04f4ff13b920c812a3634243b1f2cb9cbce939173ff7788fc8045b21e4be14fd,20862222,1727684303,0x07833eadf87cd3079da281395f2fba24b61f90f7,0xc035a7cf15375ce2706766804551791ad035e0c2,1694.9189396827348,0x7f39c581f595b53c5cb19bd0b3f8da6c935e2ca0,474,2024-09-30 08:18:23
0x2b8fde3e594d8601dbc4ab1194f77d134c4c1866b8e2193d3abfbcc40342d286,20953779,1728787559,0xb13aa2d0345b0439b064f26b82d8dcf3f508775d,0x0000000000000000000000000000000000000000,12.319671723228272,0x7f39c581f595b53c5cb19bd0b3f8da6c935e2ca0,144,2024-10-13 02:45:59
0x2b8fde3e594d8601dbc4ab1194f77d134c4c1866b8e2193d3abfbcc40342d286,20953779,1728787559,0xacaf36a642d7e735403cf08aa4788ba77b79330a,0xb13aa2d0345b0439b064f26b82d8dcf3f508775d,12.319671723228272,0x7f39c581f595b53c5cb19bd0b3f8da6c935e2ca0,141,2024-10-13 02:45:59
0xe146366c1b115b9c6e91a6671350abc93d23aad9c7b82234b96f0fd8a3d55e99,20955573,1728809459,0x2a64f4cef8670d6de18ce5d2ecf54ee1031137bc,0xb13aa2d0345b0439b064f26b82d8dcf3f508775d,93.94048521556816,0x7f39c581f595b53c5cb19bd0b3f8da6c935e2ca0,201,2024-10-13 08:50:59
0xe146366c1b115b9c6e91a6671350abc93d23aad9c7b82234b96f0fd8a3d55e99,20955573,1728809459,0xb13aa2d0345b0439b064f26b82d8dcf3f508775d,0x0000000000000000000000000000000000000000,93.94048521556816,0x7f39c581f595b53c5cb19bd0b3f8da6c935e2ca0,204,2024-10-13 08:50:59
0xcd92ad81cb0d11cf55535c860faf9f73ae0296324c5c964865d75bf57def8cbe,20973018,1729020095,0xb13aa2d0345b0439b064f26b82d8dcf3f508775d,0x0000000000000000000000000000000000000000,208.71617526415156,0x7f39c581f595b53c5cb19bd0b3f8da6c935e2ca0,397,2024-10-15 19:21:35
0xcd92ad81cb0d11cf55535c860faf9f73ae0296324c5c964865d75bf57def8cbe,20973018,1729020095,0x2a64f4cef8670d6de18ce5d2ecf54ee1031137bc,0xb13aa2d0345b0439b064f26b82d8dcf3f508775d,208.71617526415156,0x7f39c581f595b53c5cb19bd0b3f8da6c935e2ca0,394,2024-10-15 19:21:35
0x518c9173f0adfd1771fe85fabffc79f0265a08d8b39c1bc98ec006807fd936ae,20983727,1729149311,0xe37e799d5077682fa0a244d46e5649f71457bd09,0xba12222222228d8ba445958a75a0704d566bf2c8,419.38366957729784,0x7f39c581f595b53c5cb19bd0b3f8da6c935e2ca0,39,2024-10-17 07:15:11
0x518c9173f0adfd1771fe85fabffc79f0265a08d8b39c1bc98ec006807fd936ae,20983727,1729149311,0xc035a7cf15375ce2706766804551791ad035e0c2,0x07833eadf87cd3079da281395f2fba24b61f90f7,3883.18212571572,0x7f39c581f595b53c5cb19bd0b3f8da6c935e2ca0,17,2024-10-17 07:15:11
0x518c9173f0adfd1771fe85fabffc79f0265a08d8b39c1bc98ec006807fd936ae,20983727,1729149311,0x07833eadf87cd3079da281395f2fba24b61f90f7,0x0000000000000000000000000000000000000000,3883.18212571572,0x7f39c581f595b53c5cb19bd0b3f8da6c935e2ca0,19,2024-10-17 07:15:11
0x518c9173f0adfd1771fe85fabffc79f0265a08d8b39c1bc98ec006807fd936ae,20983727,1729149311,0x0000000000000000000000000000000000000000,0xe37e799d5077682fa0a244d46e5649f71457bd09,3494.8639131441487,0x7f39c581f595b53c5cb19bd0b3f8da6c935e2ca0,33,2024-10-17 07:15:11
0x518c9173f0adfd1771fe85fabffc79f0265a08d8b39c1bc98ec006807fd936ae,20983727,1729149311,0xe37e799d5077682fa0a244d46e5649f71457bd09,0x109830a1aaad605bbf02a9dfa7b0b92ec2fb7daa,3075.4802435668507,0x7f39c581f595b53c5cb19bd0b3f8da6c935e2ca0,43,2024-10-17 07:15:11
0x0c3257a7a9d08ffcab8ceafcdf72562c1d3224614daacbbd32a097523b13ea7c,21052651,1729980107,0xb13aa2d0345b0439b064f26b82d8dcf3f508775d,0x0000000000000000000000000000000000000000,106.30100221188384,0x7f39c581f595b53c5cb19bd0b3f8da6c935e2ca0,173,2024-10-26 22:01:47
0x0c3257a7a9d08ffcab8ceafcdf72562c1d3224614daacbbd32a097523b13ea7c,21052651,1729980107,0x2a64f4cef8670d6de18ce5d2ecf54ee1031137bc,0xb13aa2d0345b0439b064f26b82d8dcf3f508775d,106.30100221188384,0x7f39c581f595b53c5cb19bd0b3f8da6c935e2ca0,170,2024-10-26 22:01:47
0xf2ce4bc0e749465221788d32877f3bfca1163d9eed5d4ff57e8d8eaee069c649,21057013,1730032679,0x49d9409111a6363d82c4371ffa43faea660c917b,0x0b925ed163218f6662a35e0f0371ac234f9e9371,3361.5481836278764,0x7f39c581f595b53c5cb19bd0b3f8da6c935e2ca0,276,2024-10-27 12:37:59
0xf2ce4bc0e749465221788d32877f3bfca1163d9eed5d4ff57e8d8eaee069c649,21057013,1730032679,0xc035a7cf15375ce2706766804551791ad035e0c2,0xd6813390a28c8e3bc0dc838a346bd48f98b6da6f,3361.5481836278764,0x7f39c581f595b53c5cb19bd0b3f8da6c935e2ca0,269,2024-10-27 12:37:59
0xf2ce4bc0e749465221788d32877f3bfca1163d9eed5d4ff57e8d8eaee069c649,21057013,1730032679,0x0b925ed163218f6662a35e0f0371ac234f9e9371,0x49d9409111a6363d82c4371ffa43faea660c917b,3361.5481836278764,0x7f39c581f595b53c5cb19bd0b3f8da6c935e2ca0,239,2024-10-27 12:37:59
0xf2ce4bc0e749465221788d32877f3bfca1163d9eed5d4ff57e8d8eaee069c649,21057013,1730032679,0xd6813390a28c8e3bc0dc838a346bd48f98b6da6f,0x49d9409111a6363d82c4371ffa43faea660c917b,3361.5481836278764,0x7f39c581f595b53c5cb19bd0b3f8da6c935e2ca0,272,2024-10-27 12:37:59
0xf2ce4bc0e749465221788d32877f3bfca1163d9eed5d4ff57e8d8eaee069c649,21057013,1730032679,0x49d9409111a6363d82c4371ffa43faea660c917b,0xd6813390a28c8e3bc0dc838a346bd48f98b6da6f,3361.5481836278764,0x7f39c581f595b53c5cb19bd0b3f8da6c935e2ca0,240,2024-10-27 12:37:59
0xf2ce4bc0e749465221788d32877f3bfca1163d9eed5d4ff57e8d8eaee069c649,21057013,1730032679,0xd6813390a28c8e3bc0dc838a346bd48f98b6da6f,0x0000000000000000000000000000000000000000,3361.5481836278764,0x7f39c581f595b53c5cb19bd0b3f8da6c935e2ca0,242,2024-10-27 12:37:59
0x5309cc9bf2bc6b809cdecf4c08d18ce59a20bcf9b16d7225d258acc200bc25f0,21101832,1730573147,0xd6813390a28c8e3bc0dc838a346bd48f98b6da6f,0x0000000000000000000000000000000000000000,20434.3171359186,0x7f39c581f595b53c5cb19bd0b3f8da6c935e2ca0,132,2024-11-02 18:45:47
0x5309cc9bf2bc6b809cdecf4c08d18ce59a20bcf9b16d7225d258acc200bc25f0,21101832,1730573147,0x49d9409111a6363d82c4371ffa43faea660c917b,0xd6813390a28c8e3bc0dc838a346bd48f98b6da6f,20434.3171359186,0x7f39c581f595b53c5cb19bd0b3f8da6c935e2ca0,130,2024-11-02 18:45:47
0x5309cc9bf2bc6b809cdecf4c08d18ce59a20bcf9b16d7225d258acc200bc25f0,21101832,1730573147,0xc035a7cf15375ce2706766804551791ad035e0c2,0xd6813390a28c8e3bc0dc838a346bd48f98b6da6f,20434.3171359186,0x7f39c581f595b53c5cb19bd0b3f8da6c935e2ca0,168,2024-11-02 18:45:47
0x5309cc9bf2bc6b809cdecf4c08d18ce59a20bcf9b16d7225d258acc200bc25f0,21101832,1730573147,0xd6813390a28c8e3bc0dc838a346bd48f98b6da6f,0x49d9409111a6363d82c4371ffa43faea660c917b,20434.3171359186,0x7f39c581f595b53c5cb19bd0b3f8da6c935e2ca0,171,2024-11-02 18:45:47
0x5309cc9bf2bc6b809cdecf4c08d18ce59a20bcf9b16d7225d258acc200bc25f0,21101832,1730573147,0x49d9409111a6363d82c4371ffa43faea660c917b,0x0b925ed163218f6662a35e0f0371ac234f9e9371,20434.3171359186,0x7f39c581f595b53c5cb19bd0b3f8da6c935e2ca0,175,2024-11-02 18:45:47
0x5309cc9bf2bc6b809cdecf4c08d18ce59a20bcf9b16d7225d258acc200bc25f0,21101832,1730573147,0x0b925ed163218f6662a35e0f0371ac234f9e9371,0x49d9409111a6363d82c4371ffa43faea660c917b,20434.3171359186,0x7f39c581f595b53c5cb19bd0b3f8da6c935e2ca0,129,2024-11-02 18:45:47
0x413f07b040cd3dda0b2523b5fc52bafc1313ef246a3e42cd87b6d35954c64581,21129604,1730908115,0xb13aa2d0345b0439b064f26b82d8dcf3f508775d,0x0000000000000000000000000000000000000000,1.1756600455292865,0x7f39c581f595b53c5cb19bd0b3f8da6c935e2ca0,154,2024-11-06 15:48:35
0x413f07b040cd3dda0b2523b5fc52bafc1313ef246a3e42cd87b6d35954c64581,21129604,1730908115,0x99bcea6bb0403927fb3c038163478d5b42082fd9,0xb13aa2d0345b0439b064f26b82d8dcf3f508775d,1.1756600455292865,0x7f39c581f595b53c5cb19bd0b3f8da6c935e2ca0,151,2024-11-06 15:48:35
0x08eb5cfcfcabb2f5350cc8622246cc2ca792913f4aab4575948587bfebd87752,21139090,1731022571,0xd6813390a28c8e3bc0dc838a346bd48f98b6da6f,0x49d9409111a6363d82c4371ffa43faea660c917b,15499.235859455344,0x7f39c581f595b53c5cb19bd0b3f8da6c935e2ca0,38,2024-11-07 23:36:11
0x08eb5cfcfcabb2f5350cc8622246cc2ca792913f4aab4575948587bfebd87752,21139090,1731022571,0xc035a7cf15375ce2706766804551791ad035e0c2,0xd6813390a28c8e3bc0dc838a346bd48f98b6da6f,15499.235859455344,0x7f39c581f595b53c5cb19bd0b3f8da6c935e2ca0,35,2024-11-07 23:36:11
0x08eb5cfcfcabb2f5350cc8622246cc2ca792913f4aab4575948587bfebd87752,21139090,1731022571,0xd6813390a28c8e3bc0dc838a346bd48f98b6da6f,0x0000000000000000000000000000000000000000,15499.235859455344,0x7f39c581f595b53c5cb19bd0b3f8da6c935e2ca0,8,2024-11-07 23:36:11
0x08eb5cfcfcabb2f5350cc8622246cc2ca792913f4aab4575948587bfebd87752,21139090,1731022571,0x49d9409111a6363d82c4371ffa43faea660c917b,0xd6813390a28c8e3bc0dc838a346bd48f98b6da6f,15499.235859455344,0x7f39c581f595b53c5cb19bd0b3f8da6c935e2ca0,6,2024-11-07 23:36:11
0x08eb5cfcfcabb2f5350cc8622246cc2ca792913f4aab4575948587bfebd87752,21139090,1731022571,0x0b925ed163218f6662a35e0f0371ac234f9e9371,0x49d9409111a6363d82c4371ffa43faea660c917b,15499.235859455344,0x7f39c581f595b53c5cb19bd0b3f8da6c935e2ca0,5,2024-11-07 23:36:11
0x08eb5cfcfcabb2f5350cc8622246cc2ca792913f4aab4575948587bfebd87752,21139090,1731022571,0x49d9409111a6363d82c4371ffa43faea660c917b,0x0b925ed163218f6662a35e0f0371ac234f9e9371,15499.235859455344,0x7f39c581f595b53c5cb19bd0b3f8da6c935e2ca0,42,2024-11-07 23:36:11
0x7706d0a17ea893a5eafc4b3ce953a0a5ac70b74e42b16d085ae1a4c2f6b9340b,21150532,1731160547,0x427bba37b4e6486b2de3b4678844edf1909ea56b,0xb13aa2d0345b0439b064f26b82d8dcf3f508775d,2676.760000818315,0x7f39c581f595b53c5cb19bd0b3f8da6c935e2ca0,296,2024-11-09 13:55:47
0x7706d0a17ea893a5eafc4b3ce953a0a5ac70b74e42b16d085ae1a4c2f6b9340b,21150532,1731160547,0xb13aa2d0345b0439b064f26b82d8dcf3f508775d,0x0000000000000000000000000000000000000000,2676.760000818315,0x7f39c581f595b53c5cb19bd0b3f8da6c935e2ca0,299,2024-11-09 13:55:47
0xd0cbe9b82897338e67c2dce83bb01eda3d83f7c8e963993d85c7c7f7d3c2b30f,21178906,1731502535,0x49d9409111a6363d82c4371ffa43faea660c917b,0x0b925ed163218f6662a35e0f0371ac234f9e9371,16771.043849068425,0x7f39c581f595b53c5cb19bd0b3f8da6c935e2ca0,73,2024-11-13 12:55:35
0xd0cbe9b82897338e67c2dce83bb01eda3d83f7c8e963993d85c7c7f7d3c2b30f,21178906,1731502535,0xd6813390a28c8e3bc0dc838a346bd48f98b6da6f,0x49d9409111a6363d82c4371ffa43faea660c917b,16771.043849068425,0x7f39c581f595b53c5cb19bd0b3f8da6c935e2ca0,69,2024-11-13 12:55:35
0xd0cbe9b82897338e67c2dce83bb01eda3d83f7c8e963993d85c7c7f7d3c2b30f,21178906,1731502535,0xd6813390a28c8e3bc0dc838a346bd48f98b6da6f,0x0000000000000000000000000000000000000000,16771.043849068425,0x7f39c581f595b53c5cb19bd0b3f8da6c935e2ca0,30,2024-11-13 12:55:35
0xd0cbe9b82897338e67c2dce83bb01eda3d83f7c8e963993d85c7c7f7d3c2b30f,21178906,1731502535,0x49d9409111a6363d82c4371ffa43faea660c917b,0xd6813390a28c8e3bc0dc838a346bd48f98b6da6f,16771.043849068425,0x7f39c581f595b53c5cb19bd0b3f8da6c935e2ca0,28,2024-11-13 12:55:35
0xd0cbe9b82897338e67c2dce83bb01eda3d83f7c8e963993d85c7c7f7d3c2b30f,21178906,1731502535,0x0b925ed163218f6662a35e0f0371ac234f9e9371,0x49d9409111a6363d82c4371ffa43faea660c917b,16771.043849068425,0x7f39c581f595b53c5cb19bd0b3f8da6c935e2ca0,27,2024-11-13 12:55:35
0xd0cbe9b82897338e67c2dce83bb01eda3d83f7c8e963993d85c7c7f7d3c2b30f,21178906,1731502535,0xc035a7cf15375ce2706766804551791ad035e0c2,0xd6813390a28c8e3bc0dc838a346bd48f98b6da6f,16771.043849068425,0x7f39c581f595b53c5cb19bd0b3f8da6c935e2ca0,66,2024-11-13 12:55:35
0xcee3854d09fcc39d0cbb0f36cb2328d28a67044b51da6435652f2565a413411b,21241741,1732260047,0xc035a7cf15375ce2706766804551791ad035e0c2,0x07833eadf87cd3079da281395f2fba24b61f90f7,1333.5910020044548,0x7f39c581f595b53c5cb19bd0b3f8da6c935e2ca0,221,2024-11-22 07:20:47
0xcee3854d09fcc39d0cbb0f36cb2328d28a67044b51da6435652f2565a413411b,21241741,1732260047,0x3451b6b219478037a1ac572706627fc2bda1e812,0x52aa899454998be5b000ad077a46bbe360f4e497,266.71820040089096,0x7f39c581f595b53c5cb19bd0b3f8da6c935e2ca0,236,2024-11-22 07:20:47
0xcee3854d09fcc39d0cbb0f36cb2328d28a67044b51da6435652f2565a413411b,21241741,1732260047,0x0000000000000000000000000000000000000000,0x3451b6b219478037a1ac572706627fc2bda1e812,266.71820040089096,0x7f39c581f595b53c5cb19bd0b3f8da6c935e2ca0,231,2024-11-22 07:20:47
0xcee3854d09fcc39d0cbb0f36cb2328d28a67044b51da6435652f2565a413411b,21241741,1732260047,0x07833eadf87cd3079da281395f2fba24b61f90f7,0x0000000000000000000000000000000000000000,1333.5910020044548,0x7f39c581f595b53c5cb19bd0b3f8da6c935e2ca0,223,2024-11-22 07:20:47
0x8e200bbbd582394e6939f7b3a50faafac9ee28a5694610763ff8c28240cfc7c0,21242273,1732266467,0x07833eadf87cd3079da281395f2fba24b61f90f7,0x0000000000000000000000000000000000000000,497.6715314248124,0x7f39c581f595b53c5cb19bd0b3f8da6c935e2ca0,193,2024-11-22 09:07:47
0x8e200bbbd582394e6939f7b3a50faafac9ee28a5694610763ff8c28240cfc7c0,21242273,1732266467,0xc035a7cf15375ce2706766804551791ad035e0c2,0x07833eadf87cd3079da281395f2fba24b61f90f7,497.6715314248124,0x7f39c581f595b53c5cb19bd0b3f8da6c935e2ca0,191,2024-11-22 09:07:47
0x977b2ede666c52ee961e405742d9b9f20c3c7e17cc058341e87a9b186f8deafd,21263596,1732523495,0x07833eadf87cd3079da281395f2fba24b61f90f7,0x0000000000000000000000000000000000000000,581.8787117396937,0x7f39c581f595b53c5cb19bd0b3f8da6c935e2ca0,29,2024-11-25 08:31:35
0x977b2ede666c52ee961e405742d9b9f20c3c7e17cc058341e87a9b186f8deafd,21263596,1732523495,0xc035a7cf15375ce2706766804551791ad035e0c2,0x07833eadf87cd3079da281395f2fba24b61f90f7,581.8787117396937,0x7f39c581f595b53c5cb19bd0b3f8da6c935e2ca0,27,2024-11-25 08:31:35
0xf9d0886de204ac6489ab5507244f9c9faef6299215104b7ab1e830dc47a89c2e,21276068,1732674083,0x07833eadf87cd3079da281395f2fba24b61f90f7,0x0000000000000000000000000000000000000000,632.3746771609517,0x7f39c581f595b53c5cb19bd0b3f8da6c935e2ca0,99,2024-11-27 02:21:23
0xf9d0886de204ac6489ab5507244f9c9faef6299215104b7ab1e830dc47a89c2e,21276068,1732674083,0xc035a7cf15375ce2706766804551791ad035e0c2,0x07833eadf87cd3079da281395f2fba24b61f90f7,632.3746771609517,0x7f39c581f595b53c5cb19bd0b3f8da6c935e2ca0,97,2024-11-27 02:21:23
0x427d19a37f4ab35c49f96c77640fca7cd952b114f593d7c0e43208abefcf7d56,21283158,1732759655,0x07833eadf87cd3079da281395f2fba24b61f90f7,0x0000000000000000000000000000000000000000,682.9092943919663,0x7f39c581f595b53c5cb19bd0b3f8da6c935e2ca0,184,2024-11-28 02:07:35
0x427d19a37f4ab35c49f96c77640fca7cd952b114f593d7c0e43208abefcf7d56,21283158,1732759655,0xc035a7cf15375ce2706766804551791ad035e0c2,0x07833eadf87cd3079da281395f2fba24b61f90f7,682.9092943919663,0x7f39c581f595b53c5cb19bd0b3f8da6c935e2ca0,182,2024-11-28 02:07:35
0x11a031f82e644c4f0c1cd927530bb5c4eb337d711fd7131e7487c023121f03c1,21311972,1733108039,0x07833eadf87cd3079da281395f2fba24b61f90f7,0x0000000000000000000000000000000000000000,632.127575189304,0x7f39c581f595b53c5cb19bd0b3f8da6c935e2ca0,52,2024-12-02 02:53:59
0x11a031f82e644c4f0c1cd927530bb5c4eb337d711fd7131e7487c023121f03c1,21311972,1733108039,0xc035a7cf15375ce2706766804551791ad035e0c2,0x07833eadf87cd3079da281395f2fba24b61f90f7,632.127575189304,0x7f39c581f595b53c5cb19bd0b3f8da6c935e2ca0,50,2024-12-02 02:53:59
0x66b373b8b7f16dfcac50e778c11d403d908d3e7aa7f9dd698cbef295e7dea38b,21317080,1733169719,0xb13aa2d0345b0439b064f26b82d8dcf3f508775d,0x0000000000000000000000000000000000000000,1.0,0x7f39c581f595b53c5cb19bd0b3f8da6c935e2ca0,170,2024-12-02 20:01:59
0x66b373b8b7f16dfcac50e778c11d403d908d3e7aa7f9dd698cbef295e7dea38b,21317080,1733169719,0x5877022fe1a776e5275ed535b50d83a69634089c,0xb13aa2d0345b0439b064f26b82d8dcf3f508775d,1.0,0x7f39c581f595b53c5cb19bd0b3f8da6c935e2ca0,167,2024-12-02 20:01:59
0x49f411d6600f7e803eb05ef207b48f5c2df8584566e7a3f4a8d4a5b7124cc1d8,21327727,1733298335,0x07833eadf87cd3079da281395f2fba24b61f90f7,0x0000000000000000000000000000000000000000,686.7980115579144,0x7f39c581f595b53c5cb19bd0b3f8da6c935e2ca0,103,2024-12-04 07:45:35
0x49f411d6600f7e803eb05ef207b48f5c2df8584566e7a3f4a8d4a5b7124cc1d8,21327727,1733298335,0xc035a7cf15375ce2706766804551791ad035e0c2,0x07833eadf87cd3079da281395f2fba24b61f90f7,686.7980115579144,0x7f39c581f595b53c5cb19bd0b3f8da6c935e2ca0,101,2024-12-04 07:45:35
0xf17b171d34a4c9ab97437c100c053ca40131c5e27e53e714aef8b3781727c1a9,21335113,1733387435,0x07833eadf87cd3079da281395f2fba24b61f90f7,0x0000000000000000000000000000000000000000,745.7225683263255,0x7f39c581f595b53c5cb19bd0b3f8da6c935e2ca0,71,2024-12-05 08:30:35
0xf17b171d34a4c9ab97437c100c053ca40131c5e27e53e714aef8b3781727c1a9,21335113,1733387435,0xc035a7cf15375ce2706766804551791ad035e0c2,0x07833eadf87cd3079da281395f2fba24b61f90f7,745.7225683263255,0x7f39c581f595b53c5cb19bd0b3f8da6c935e2ca0,69,2024-12-05 08:30:35
0x84787cc8810496bfe5c2820f393805fc52e19366c2624744fb4e439f7cc5358d,21341346,1733462663,0x07833eadf87cd3079da281395f2fba24b61f90f7,0x0000000000000000000000000000000000000000,842.5552368120177,0x7f39c581f595b53c5cb19bd0b3f8da6c935e2ca0,179,2024-12-06 05:24:23
0x84787cc8810496bfe5c2820f393805fc52e19366c2624744fb4e439f7cc5358d,21341346,1733462663,0xc035a7cf15375ce2706766804551791ad035e0c2,0x07833eadf87cd3079da281395f2fba24b61f90f7,842.5552368120177,0x7f39c581f595b53c5cb19bd0b3f8da6c935e2ca0,177,2024-12-06 05:24:23
0xda028cb4e53c132fb9c89c279a2303b452ee29dd836fa553b15d9cc0a8fb3696,21351733,1733588027,0xb13aa2d0345b0439b064f26b82d8dcf3f508775d,0x0000000000000000000000000000000000000000,10.0,0x7f39c581f595b53c5cb19bd0b3f8da6c935e2ca0,171,2024-12-07 16:13:47
0xda028cb4e53c132fb9c89c279a2303b452ee29dd836fa553b15d9cc0a8fb3696,21351733,1733588027,0x4677c06757a2059c7b750fd5b59c2e65bf1851b3,0xb13aa2d0345b0439b064f26b82d8dcf3f508775d,10.0,0x7f39c581f595b53c5cb19bd0b3f8da6c935e2ca0,168,2024-12-07 16:13:47
0x43fc78e79f82af6067583efcc628673290c1a06b7fc85e00f40e7986c9e15d3c,21361894,1733710571,0x07833eadf87cd3079da281395f2fba24b61f90f7,0x0000000000000000000000000000000000000000,842.347276243981,0x7f39c581f595b53c5cb19bd0b3f8da6c935e2ca0,25,2024-12-09 02:16:11
0x43fc78e79f82af6067583efcc628673290c1a06b7fc85e00f40e7986c9e15d3c,21361894,1733710571,0xc035a7cf15375ce2706766804551791ad035e0c2,0x07833eadf87cd3079da281395f2fba24b61f90f7,842.347276243981,0x7f39c581f595b53c5cb19bd0b3f8da6c935e2ca0,23,2024-12-09 02:16:11
0xb36bbf7754db586fc37078579033299dbc4834730d26ae58380c97caff0a548c,21383744,1733974175,0x07833eadf87cd3079da281395f2fba24b61f90f7,0x0000000000000000000000000000000000000000,842.1326177511263,0x7f39c581f595b53c5cb19bd0b3f8da6c935e2ca0,55,2024-12-12 03:29:35
0xb36bbf7754db586fc37078579033299dbc4834730d26ae58380c97caff0a548c,21383744,1733974175,0xc035a7cf15375ce2706766804551791ad035e0c2,0x07833eadf87cd3079da281395f2fba24b61f90f7,842.1326177511263,0x7f39c581f595b53c5cb19bd0b3f8da6c935e2ca0,53,2024-12-12 03:29:35
0xb6efa4a65a9e1c2c69bbeff1b1fcd4d9d99fdbfdeba5f9b23724e66e1bbba79c,21386275,1734004691,0xd6813390a28c8e3bc0dc838a346bd48f98b6da6f,0xc035a7cf15375ce2706766804551791ad035e0c2,6823.997756915774,0x7f39c581f595b53c5cb19bd0b3f8da6c935e2ca0,247,2024-12-12 11:58:11
0xb6efa4a65a9e1c2c69bbeff1b1fcd4d9d99fdbfdeba5f9b23724e66e1bbba79c,21386275,1734004691,0x0000000000000000000000000000000000000000,0xd6813390a28c8e3bc0dc838a346bd48f98b6da6f,6823.997756915774,0x7f39c581f595b53c5cb19bd0b3f8da6c935e2ca0,240,2024-12-12 11:58:11
0x92efdda9e6ea12d8bbce4429e3c7a646b27f36e33c65dee759dc1936518bb111,21412352,1734319211,0x0000000000000000000000000000000000000000,0xd6813390a28c8e3bc0dc838a346bd48f98b6da6f,7374.04591948675,0x7f39c581f595b53c5cb19bd0b3f8da6c935e2ca0,140,2024-12-16 03:20:11
0x92efdda9e6ea12d8bbce4429e3c7a646b27f36e33c65dee759dc1936518bb111,21412352,1734319211,0xd6813390a28c8e3bc0dc838a346bd48f98b6da6f,0xc035a7cf15375ce2706766804551791ad035e0c2,7374.04591948675,0x7f39c581f595b53c5cb19bd0b3f8da6c935e2ca0,147,2024-12-16 03:20:11
0xdbaa83cb4fd183c50b8aac7f1052d47be2f1f2e285fb41a14c6e6e889dc96c32,21420764,1734420515,0x07833eadf87cd3079da281395f2fba24b61f90f7,0x0000000000000000000000000000000000000000,841.8043704347112,0x7f39c581f595b53c5cb19bd0b3f8da6c935e2ca0,81,2024-12-17 07:28:35
0xdbaa83cb4fd183c50b8aac7f1052d47be2f1f2e285fb41a14c6e6e889dc96c32,21420764,1734420515,0xc035a7cf15375ce2706766804551791ad035e0c2,0x07833eadf87cd3079da281395f2fba24b61f90f7,841.8043704347112,0x7f39c581f595b53c5cb19bd0b3f8da6c935e2ca0,79,2024-12-17 07:28:35
0xa36a8777bcf59b17db706b346e803c2ce4172dc343396132063b21f887edbcd7,21462397,1734923183,0x07833eadf87cd3079da281395f2fba24b61f90f7,0x0000000000000000000000000000000000000000,840.5528127732047,0x7f39c581f595b53c5cb19bd0b3f8da6c935e2ca0,99,2024-12-23 03:06:23
0xa36a8777bcf59b17db706b346e803c2ce4172dc343396132063b21f887edbcd7,21462397,1734923183,0xc035a7cf15375ce2706766804551791ad035e0c2,0x07833eadf87cd3079da281395f2fba24b61f90f7,840.5528127732047,0x7f39c581f595b53c5cb19bd0b3f8da6c935e2ca0,97,2024-12-23 03:06:23
0xa1dce1c7648c5f34a6123364552b2f33583f132cabb16c2fcca9a17a2ffab326,21483625,1735179731,0xc035a7cf15375ce2706766804551791ad035e0c2,0x07833eadf87cd3079da281395f2fba24b61f90f7,841.2000534262683,0x7f39c581f595b53c5cb19bd0b3f8da6c935e2ca0,156,2024-12-26 02:22:11
0xa1dce1c7648c5f34a6123364552b2f33583f132cabb16c2fcca9a17a2ffab326,21483625,1735179731,0x07833eadf87cd3079da281395f2fba24b61f90f7,0x0000000000000000000000000000000000000000,841.2000534262683,0x7f39c581f595b53c5cb19bd0b3f8da6c935e2ca0,158,2024-12-26 02:22:11
0xf8ee269a6dcdd33f1492860821673e3b06c56f6b11696b4d0b375923b4c00d13,21491629,1735276331,0x07833eadf87cd3079da281395f2fba24b61f90f7,0x0000000000000000000000000000000000000000,841.1366574527373,0x7f39c581f595b53c5cb19bd0b3f8da6c935e2ca0,86,2024-12-27 05:12:11
0xf8ee269a6dcdd33f1492860821673e3b06c56f6b11696b4d0b375923b4c00d13,21491629,1735276331,0xc035a7cf15375ce2706766804551791ad035e0c2,0x07833eadf87cd3079da281395f2fba24b61f90f7,841.1366574527373,0x7f39c581f595b53c5cb19bd0b3f8da6c935e2ca0,84,2024-12-27 05:12:11
0xdb2a65988e3972c2bae1d987c98b23a24ace5abff9950809d26a341658e03d60,21512554,1735528655,0x07833eadf87cd3079da281395f2fba24b61f90f7,0x0000000000000000000000000000000000000000,109.3228368318706,0x7f39c581f595b53c5cb19bd0b3f8da6c935e2ca0,368,2024-12-30 03:17:35
0xdb2a65988e3972c2bae1d987c98b23a24ace5abff9950809d26a341658e03d60,21512554,1735528655,0xc035a7cf15375ce2706766804551791ad035e0c2,0x07833eadf87cd3079da281395f2fba24b61f90f7,109.3228368318706,0x7f39c581f595b53c5cb19bd0b3f8da6c935e2ca0,366,2024-12-30 03:17:35
0x9a9742b619ae0e860f3681640ca0e32ad8e1b4dac4af703e55986dd9d7cfb631,21512612,1735529351,0x07833eadf87cd3079da281395f2fba24b61f90f7,0x0000000000000000000000000000000000000000,126.14173480600454,0x7f39c581f595b53c5cb19bd0b3f8da6c935e2ca0,418,2024-12-30 03:29:11
0x9a9742b619ae0e860f3681640ca0e32ad8e1b4dac4af703e55986dd9d7cfb631,21512612,1735529351,0xc035a7cf15375ce2706766804551791ad035e0c2,0x07833eadf87cd3079da281395f2fba24b61f90f7,126.14173480600454,0x7f39c581f595b53c5cb19bd0b3f8da6c935e2ca0,416,2024-12-30 03:29:11
0x1a083446efb1668ce08420f6df1131cc1f6f9c099c82c82f48a2a9d7a27fb96d,21521613,1735637915,0x07833eadf87cd3079da281395f2fba24b61f90f7,0x0000000000000000000000000000000000000000,840.8815052155447,0x7f39c581f595b53c5cb19bd0b3f8da6c935e2ca0,45,2024-12-31 09:38:35
0x1a083446efb1668ce08420f6df1131cc1f6f9c099c82c82f48a2a9d7a27fb96d,21521613,1735637915,0xc035a7cf15375ce2706766804551791ad035e0c2,0x07833eadf87cd3079da281395f2fba24b61f90f7,840.8815052155447,0x7f39c581f595b53c5cb19bd0b3f8da6c935e2ca0,43,2024-12-31 09:38:35
0xd78a66191498cfc54c3793dcefb16b731920cb96891ebac7c9edbb5d22e6ade0,21556077,1736053523,0xc035a7cf15375ce2706766804551791ad035e0c2,0x07833eadf87cd3079da281395f2fba24b61f90f7,840.5458754547011,0x7f39c581f595b53c5cb19bd0b3f8da6c935e2ca0,59,2025-01-05 05:05:23
0xd78a66191498cfc54c3793dcefb16b731920cb96891ebac7c9edbb5d22e6ade0,21556077,1736053523,0x07833eadf87cd3079da281395f2fba24b61f90f7,0x0000000000000000000000000000000000000000,840.5458754547011,0x7f39c581f595b53c5cb19bd0b3f8da6c935e2ca0,61,2025-01-05 05:05:23
0x83ff3d655d2db856811799360559eeb7bbb187f2e29903c072edee2de29465a7,21587065,1736427431,0x07833eadf87cd3079da281395f2fba24b61f90f7,0x0000000000000000000000000000000000000000,840.2109449975278,0x7f39c581f595b53c5cb19bd0b3f8da6c935e2ca0,87,2025-01-09 12:57:11
0x83ff3d655d2db856811799360559eeb7bbb187f2e29903c072edee2de29465a7,21587065,1736427431,0xc035a7cf15375ce2706766804551791ad035e0c2,0x07833eadf87cd3079da281395f2fba24b61f90f7,840.2109449975278,0x7f39c581f595b53c5cb19bd0b3f8da6c935e2ca0,85,2025-01-09 12:57:11
0x86ab81d8a8da6171b02a57ccc0b0dde5b0e67a7fcbfe05b09dc506898a6801eb,21594769,1736520455,0xc035a7cf15375ce2706766804551791ad035e0c2,0x07833eadf87cd3079da281395f2fba24b61f90f7,840.1435167084837,0x7f39c581f595b53c5cb19bd0b3f8da6c935e2ca0,205,2025-01-10 14:47:35
0x86ab81d8a8da6171b02a57ccc0b0dde5b0e67a7fcbfe05b09dc506898a6801eb,21594769,1736520455,0x07833eadf87cd3079da281395f2fba24b61f90f7,0x0000000000000000000000000000000000000000,840.1435167084837,0x7f39c581f595b53c5cb19bd0b3f8da6c935e2ca0,207,2025-01-10 14:47:35
0x24b414fd222dcfa46aa07246109538a893dfcafeaf50d0321b3ef1dc9d18a16a,21607043,1736668427,0x07833eadf87cd3079da281395f2fba24b61f90f7,0x0000000000000000000000000000000000000000,839.2399552413057,0x7f39c581f595b53c5cb19bd0b3f8da6c935e2ca0,95,2025-01-12 07:53:47
0x24b414fd222dcfa46aa07246109538a893dfcafeaf50d0321b3ef1dc9d18a16a,21607043,1736668427,0xc035a7cf15375ce2706766804551791ad035e0c2,0x07833eadf87cd3079da281395f2fba24b61f90f7,839.2399552413057,0x7f39c581f595b53c5cb19bd0b3f8da6c935e2ca0,93,2025-01-12 07:53:47
0x5e84388723fa2c0c18199faafe0404cbc6f7f905bd80cc91eefc7f0f2a273b44,21613556,1736747003,0xc035a7cf15375ce2706766804551791ad035e0c2,0x07833eadf87cd3079da281395f2fba24b61f90f7,168.0035840115804,0x7f39c581f595b53c5cb19bd0b3f8da6c935e2ca0,89,2025-01-13 05:43:23
0x5e84388723fa2c0c18199faafe0404cbc6f7f905bd80cc91eefc7f0f2a273b44,21613556,1736747003,0x07833eadf87cd3079da281395f2fba24b61f90f7,0x0000000000000000000000000000000000000000,168.0035840115804,0x7f39c581f595b53c5cb19bd0b3f8da6c935e2ca0,91,2025-01-13 05:43:23
0xe9079b29d6652d62843bea093a05efbbcd2c3337bc343a34469d845a8ed01b8d,21622859,1736859323,0x07833eadf87cd3079da281395f2fba24b61f90f7,0x0000000000000000000000000000000000000000,839.8776919596672,0x7f39c581f595b53c5cb19bd0b3f8da6c935e2ca0,80,2025-01-14 12:55:23
0xe9079b29d6652d62843bea093a05efbbcd2c3337bc343a34469d845a8ed01b8d,21622859,1736859323,0xc035a7cf15375ce2706766804551791ad035e0c2,0x07833eadf87cd3079da281395f2fba24b61f90f7,839.8776919596672,0x7f39c581f595b53c5cb19bd0b3f8da6c935e2ca0,78,2025-01-14 12:55:23
0xd06052777467e9dca8f13236f39e075f335dd9e2a6199a55ee5915b8c40e57e0,21648991,1737174599,0xc035a7cf15375ce2706766804551791ad035e0c2,0x07833eadf87cd3079da281395f2fba24b61f90f7,839.6788762567443,0x7f39c581f595b53c5cb19bd0b3f8da6c935e2ca0,188,2025-01-18 04:29:59
0xd06052777467e9dca8f13236f39e075f335dd9e2a6199a55ee5915b8c40e57e0,21648991,1737174599,0x07833eadf87cd3079da281395f2fba24b61f90f7,0x0000000000000000000000000000000000000000,839.6788762567443,0x7f39c581f595b53c5cb19bd0b3f8da6c935e2ca0,190,2025-01-18 04:29:59
0xb7d71fade50740566347ad4d706fef51acf764f65c22a454f397dc628af53493,21669643,1737423647,0xc035a7cf15375ce2706766804551791ad035e0c2,0x07833eadf87cd3079da281395f2fba24b61f90f7,838.6183317493382,0x7f39c581f595b53c5cb19bd0b3f8da6c935e2ca0,189,2025-01-21 01:40:47
0xb7d71fade50740566347ad4d706fef51acf764f65c22a454f397dc628af53493,21669643,1737423647,0x07833eadf87cd3079da281395f2fba24b61f90f7,0x0000000000000000000000000000000000000000,838.6183317493382,0x7f39c581f595b53c5cb19bd0b3f8da6c935e2ca0,191,2025-01-21 01:40:47
0x217233864896e6433e51be86ede277605f42ad58f4243391b616471340283a6e,21687823,1737642923,0xc035a7cf15375ce2706766804551791ad035e0c2,0x07833eadf87cd3079da281395f2fba24b61f90f7,839.2465724438016,0x7f39c581f595b53c5cb19bd0b3f8da6c935e2ca0,331,2025-01-23 14:35:23
0x217233864896e6433e51be86ede277605f42ad58f4243391b616471340283a6e,21687823,1737642923,0x07833eadf87cd3079da281395f2fba24b61f90f7,0x0000000000000000000000000000000000000000,839.2465724438016,0x7f39c581f595b53c5cb19bd0b3f8da6c935e2ca0,333,2025-01-23 14:35:23
0xebdf6292be46283b97466594d6ff3a8a6b3cb80e06ac7da979c7650b3bb2ec1b,21728868,1738137791,0x9008d19f58aabd9ed0d60971565aa8510560ab41,0xc1e3d85984c5ffb839e1af9d30604196651f4ffb,7.16,0x7f39c581f595b53c5cb19bd0b3f8da6c935e2ca0,150,2025-01-29 08:03:11
0xebdf6292be46283b97466594d6ff3a8a6b3cb80e06ac7da979c7650b3bb2ec1b,21728868,1738137791,0xfe38e7c568fca58c18a001b6f23d0eac169f460b,0x9008d19f58aabd9ed0d60971565aa8510560ab41,7.16,0x7f39c581f595b53c5cb19bd0b3f8da6c935e2ca0,101,2025-01-29 08:03:11
0xebdf6292be46283b97466594d6ff3a8a6b3cb80e06ac7da979c7650b3bb2ec1b,21728868,1738137791,0xc1e3d85984c5ffb839e1af9d30604196651f4ffb,0x109830a1aaad605bbf02a9dfa7b0b92ec2fb7daa,7.16,0x7f39c581f595b53c5cb19bd0b3f8da6c935e2ca0,153,2025-01-29 08:03:11
0xd9514f4c2c327e50dfff972b7a702398dda6302e18049fed0a039d77a24c0cfe,21734245,1738202651,0xc035a7cf15375ce2706766804551791ad035e0c2,0x07833eadf87cd3079da281395f2fba24b61f90f7,838.821339360119,0x7f39c581f595b53c5cb19bd0b3f8da6c935e2ca0,211,2025-01-30 02:04:11
0xd9514f4c2c327e50dfff972b7a702398dda6302e18049fed0a039d77a24c0cfe,21734245,1738202651,0x07833eadf87cd3079da281395f2fba24b61f90f7,0x0000000000000000000000000000000000000000,838.821339360119,0x7f39c581f595b53c5cb19bd0b3f8da6c935e2ca0,213,2025-01-30 02:04:11
0xa2a8fa32bf89638314d38362e0d82ae310396090bda8a96c09254d9f01f1be17,21778033,1738731215,0x07833eadf87cd3079da281395f2fba24b61f90f7,0x0000000000000000000000000000000000000000,1131.5920050307525,0x7f39c581f595b53c5cb19bd0b3f8da6c935e2ca0,106,2025-02-05 04:53:35
0xa2a8fa32bf89638314d38362e0d82ae310396090bda8a96c09254d9f01f1be17,21778033,1738731215,0xc035a7cf15375ce2706766804551791ad035e0c2,0x07833eadf87cd3079da281395f2fba24b61f90f7,1131.5920050307525,0x7f39c581f595b53c5cb19bd0b3f8da6c935e2ca0,104,2025-02-05 04:53:35
0x416b5059685fc8a8ac87b86e234350badd5f1970c5fe5b94555f4fcb8a402083,21791745,1738896479,0xd6813390a28c8e3bc0dc838a346bd48f98b6da6f,0xc035a7cf15375ce2706766804551791ad035e0c2,8696.515497474189,0x7f39c581f595b53c5cb19bd0b3f8da6c935e2ca0,206,2025-02-07 02:47:59
0x416b5059685fc8a8ac87b86e234350badd5f1970c5fe5b94555f4fcb8a402083,21791745,1738896479,0x0000000000000000000000000000000000000000,0xd6813390a28c8e3bc0dc838a346bd48f98b6da6f,8696.515497474189,0x7f39c581f595b53c5cb19bd0b3f8da6c935e2ca0,199,2025-02-07 02:47:59
0xdc734f61db495fb1a112a8a2992bd67bbcc65ffe89ccb4c4b4a448095fe75780,21814115,1739166323,0xd6813390a28c8e3bc0dc838a346bd48f98b6da6f,0xc035a7cf15375ce2706766804551791ad035e0c2,9387.16686556088,0x7f39c581f595b53c5cb19bd0b3f8da6c935e2ca0,519,2025-02-10 05:45:23
0xdc734f61db495fb1a112a8a2992bd67bbcc65ffe89ccb4c4b4a448095fe75780,21814115,1739166323,0x0000000000000000000000000000000000000000,0xd6813390a28c8e3bc0dc838a346bd48f98b6da6f,9387.16686556088,0x7f39c581f595b53c5cb19bd0b3f8da6c935e2ca0,512,2025-02-10 05:45:23
0x63d6a395209b10d6b53fece38baf398371838f4b5d7acb1f222aac836e8f0918,21814607,1739172275,0x0000000000000000000000000000000000000000,0xd6813390a28c8e3bc0dc838a346bd48f98b6da6f,827.2880152036798,0x7f39c581f595b53c5cb19bd0b3f8da6c935e2ca0,136,2025-02-10 07:24:35
0x63d6a395209b10d6b53fece38baf398371838f4b5d7acb1f222aac836e8f0918,21814607,1739172275,0xd6813390a28c8e3bc0dc838a346bd48f98b6da6f,0xc035a7cf15375ce2706766804551791ad035e0c2,827.2880152036798,0x7f39c581f595b53c5cb19bd0b3f8da6c935e2ca0,143,2025-02-10 07:24:35
0xd6f6218449b76d90121231e6d9b4c013304224c89c9a6e1ba7bcce16a7488d03,21820413,1739242295,0x49d9409111a6363d82c4371ffa43faea660c917b,0x0b925ed163218f6662a35e0f0371ac234f9e9371,20000.0,0x7f39c581f595b53c5cb19bd0b3f8da6c935e2ca0,506,2025-02-11 02:51:35
0xd6f6218449b76d90121231e6d9b4c013304224c89c9a6e1ba7bcce16a7488d03,21820413,1739242295,0xd6813390a28c8e3bc0dc838a346bd48f98b6da6f,0x49d9409111a6363d82c4371ffa43faea660c917b,20000.0,0x7f39c581f595b53c5cb19bd0b3f8da6c935e2ca0,502,2025-02-11 02:51:35
0xd6f6218449b76d90121231e6d9b4c013304224c89c9a6e1ba7bcce16a7488d03,21820413,1739242295,0xc035a7cf15375ce2706766804551791ad035e0c2,0xd6813390a28c8e3bc0dc838a346bd48f98b6da6f,20000.0,0x7f39c581f595b53c5cb19bd0b3f8da6c935e2ca0,499,2025-02-11 02:51:35
0xd6f6218449b76d90121231e6d9b4c013304224c89c9a6e1ba7bcce16a7488d03,21820413,1739242295,0xd6813390a28c8e3bc0dc838a346bd48f98b6da6f,0x0000000000000000000000000000000000000000,20000.0,0x7f39c581f595b53c5cb19bd0b3f8da6c935e2ca0,463,2025-02-11 02:51:35
0xd6f6218449b76d90121231e6d9b4c013304224c89c9a6e1ba7bcce16a7488d03,21820413,1739242295,0x49d9409111a6363d82c4371ffa43faea660c917b,0xd6813390a28c8e3bc0dc838a346bd48f98b6da6f,20000.0,0x7f39c581f595b53c5cb19bd0b3f8da6c935e2ca0,461,2025-02-11 02:51:35
0xd6f6218449b76d90121231e6d9b4c013304224c89c9a6e1ba7bcce16a7488d03,21820413,1739242295,0x0b925ed163218f6662a35e0f0371ac234f9e9371,0x49d9409111a6363d82c4371ffa43faea660c917b,20000.0,0x7f39c581f595b53c5cb19bd0b3f8da6c935e2ca0,460,2025-02-11 02:51:35
0x425bd8cc51374ceea3b098f6b2f8e90917c88c22fd5f300ca01650c7b1139abb,21820486,1739243183,0x0000000000000000000000000000000000000000,0xd6813390a28c8e3bc0dc838a346bd48f98b6da6f,7825.183880357511,0x7f39c581f595b53c5cb19bd0b3f8da6c935e2ca0,198,2025-02-11 03:06:23
0x425bd8cc51374ceea3b098f6b2f8e90917c88c22fd5f300ca01650c7b1139abb,21820486,1739243183,0xd6813390a28c8e3bc0dc838a346bd48f98b6da6f,0xc035a7cf15375ce2706766804551791ad035e0c2,7825.183880357511,0x7f39c581f595b53c5cb19bd0b3f8da6c935e2ca0,205,2025-02-11 03:06:23
0x11c84a7c5c0d23e7dd28e8efd3468231dd9e8349cc6133a0250c799e2851a1e2,21820492,1739243255,0xd6813390a28c8e3bc0dc838a346bd48f98b6da6f,0x49d9409111a6363d82c4371ffa43faea660c917b,10000.0,0x7f39c581f595b53c5cb19bd0b3f8da6c935e2ca0,118,2025-02-11 03:07:35
0x11c84a7c5c0d23e7dd28e8efd3468231dd9e8349cc6133a0250c799e2851a1e2,21820492,1739243255,0x49d9409111a6363d82c4371ffa43faea660c917b,0x0b925ed163218f6662a35e0f0371ac234f9e9371,10000.0,0x7f39c581f595b53c5cb19bd0b3f8da6c935e2ca0,122,2025-02-11 03:07:35
0x11c84a7c5c0d23e7dd28e8efd3468231dd9e8349cc6133a0250c799e2851a1e2,21820492,1739243255,0xd6813390a28c8e3bc0dc838a346bd48f98b6da6f,0x0000000000000000000000000000000000000000,10000.0,0x7f39c581f595b53c5cb19bd0b3f8da6c935e2ca0,79,2025-02-11 03:07:35
0x11c84a7c5c0d23e7dd28e8efd3468231dd9e8349cc6133a0250c799e2851a1e2,21820492,1739243255,0xc035a7cf15375ce2706766804551791ad035e0c2,0xd6813390a28c8e3bc0dc838a346bd48f98b6da6f,10000.0,0x7f39c581f595b53c5cb19bd0b3f8da6c935e2ca0,115,2025-02-11 03:07:35
0x11c84a7c5c0d23e7dd28e8efd3468231dd9e8349cc6133a0250c799e2851a1e2,21820492,1739243255,0x49d9409111a6363d82c4371ffa43faea660c917b,0xd6813390a28c8e3bc0dc838a346bd48f98b6da6f,10000.0,0x7f39c581f595b53c5cb19bd0b3f8da6c935e2ca0,77,2025-02-11 03:07:35
0x11c84a7c5c0d23e7dd28e8efd3468231dd9e8349cc6133a0250c799e2851a1e2,21820492,1739243255,0x0b925ed163218f6662a35e0f0371ac234f9e9371,0x49d9409111a6363d82c4371ffa43faea660c917b,10000.0,0x7f39c581f595b53c5cb19bd0b3f8da6c935e2ca0,76,2025-02-11 03:07:35
0xc42c866156030c72cb88e5dc4929ae01a32389a31db3a63634c5dfaa82403b27,21820506,1739243423,0x0000000000000000000000000000000000000000,0xd6813390a28c8e3bc0dc838a346bd48f98b6da6f,7824.79404239694,0x7f39c581f595b53c5cb19bd0b3f8da6c935e2ca0,166,2025-02-11 03:10:23
0xc42c866156030c72cb88e5dc4929ae01a32389a31db3a63634c5dfaa82403b27,21820506,1739243423,0xd6813390a28c8e3bc0dc838a346bd48f98b6da6f,0xc035a7cf15375ce2706766804551791ad035e0c2,7824.79404239694,0x7f39c581f595b53c5cb19bd0b3f8da6c935e2ca0,173,2025-02-11 03:10:23
0xdf590347d943c4ae2fcf2a39e6b0d04ac9162ddb2984faec102401d7904e9300,21820511,1739243483,0x49d9409111a6363d82c4371ffa43faea660c917b,0x0b925ed163218f6662a35e0f0371ac234f9e9371,10000.0,0x7f39c581f595b53c5cb19bd0b3f8da6c935e2ca0,113,2025-02-11 03:11:23
0xdf590347d943c4ae2fcf2a39e6b0d04ac9162ddb2984faec102401d7904e9300,21820511,1739243483,0xd6813390a28c8e3bc0dc838a346bd48f98b6da6f,0x49d9409111a6363d82c4371ffa43faea660c917b,10000.0,0x7f39c581f595b53c5cb19bd0b3f8da6c935e2ca0,109,2025-02-11 03:11:23
0xdf590347d943c4ae2fcf2a39e6b0d04ac9162ddb2984faec102401d7904e9300,21820511,1739243483,0xc035a7cf15375ce2706766804551791ad035e0c2,0xd6813390a28c8e3bc0dc838a346bd48f98b6da6f,10000.0,0x7f39c581f595b53c5cb19bd0b3f8da6c935e2ca0,106,2025-02-11 03:11:23
0xdf590347d943c4ae2fcf2a39e6b0d04ac9162ddb2984faec102401d7904e9300,21820511,1739243483,0xd6813390a28c8e3bc0dc838a346bd48f98b6da6f,0x0000000000000000000000000000000000000000,10000.0,0x7f39c581f595b53c5cb19bd0b3f8da6c935e2ca0,70,2025-02-11 03:11:23
0xdf590347d943c4ae2fcf2a39e6b0d04ac9162ddb2984faec102401d7904e9300,21820511,1739243483,0x49d9409111a6363d82c4371ffa43faea660c917b,0xd6813390a28c8e3bc0dc838a346bd48f98b6da6f,10000.0,0x7f39c581f595b53c5cb19bd0b3f8da6c935e2ca0,68,2025-02-11 03:11:23
0xdf590347d943c4ae2fcf2a39e6b0d04ac9162ddb2984faec102401d7904e9300,21820511,1739243483,0x0b925ed163218f6662a35e0f0371ac234f9e9371,0x49d9409111a6363d82c4371ffa43faea660c917b,10000.0,0x7f39c581f595b53c5cb19bd0b3f8da6c935e2ca0,67,2025-02-11 03:11:23
0x757e1f2d94928800c117e62870621c83159c7ec4b63f21ff5892db661f53eda5,21820522,1739243615,0xd6813390a28c8e3bc0dc838a346bd48f98b6da6f,0xc035a7cf15375ce2706766804551791ad035e0c2,7477.529261400856,0x7f39c581f595b53c5cb19bd0b3f8da6c935e2ca0,216,2025-02-11 03:13:35
0x757e1f2d94928800c117e62870621c83159c7ec4b63f21ff5892db661f53eda5,21820522,1739243615,0x0000000000000000000000000000000000000000,0xd6813390a28c8e3bc0dc838a346bd48f98b6da6f,7477.529261400856,0x7f39c581f595b53c5cb19bd0b3f8da6c935e2ca0,209,2025-02-11 03:13:35
0x9a1cd28ce99e5328102c200724433b667ce557ec416a75ea02107fb14136c67c,21820691,1739245655,0x49d9409111a6363d82c4371ffa43faea660c917b,0xd6813390a28c8e3bc0dc838a346bd48f98b6da6f,15000.0,0x7f39c581f595b53c5cb19bd0b3f8da6c935e2ca0,32,2025-02-11 03:47:35
0x9a1cd28ce99e5328102c200724433b667ce557ec416a75ea02107fb14136c67c,21820691,1739245655,0xd6813390a28c8e3bc0dc838a346bd48f98b6da6f,0x49d9409111a6363d82c4371ffa43faea660c917b,15000.0,0x7f39c581f595b53c5cb19bd0b3f8da6c935e2ca0,73,2025-02-11 03:47:35
0x9a1cd28ce99e5328102c200724433b667ce557ec416a75ea02107fb14136c67c,21820691,1739245655,0xc035a7cf15375ce2706766804551791ad035e0c2,0xd6813390a28c8e3bc0dc838a346bd48f98b6da6f,15000.0,0x7f39c581f595b53c5cb19bd0b3f8da6c935e2ca0,70,2025-02-11 03:47:35
0x9a1cd28ce99e5328102c200724433b667ce557ec416a75ea02107fb14136c67c,21820691,1739245655,0xd6813390a28c8e3bc0dc838a346bd48f98b6da6f,0x0000000000000000000000000000000000000000,15000.0,0x7f39c581f595b53c5cb19bd0b3f8da6c935e2ca0,34,2025-02-11 03:47:35
0x9a1cd28ce99e5328102c200724433b667ce557ec416a75ea02107fb14136c67c,21820691,1739245655,0x0b925ed163218f6662a35e0f0371ac234f9e9371,0x49d9409111a6363d82c4371ffa43faea660c917b,15000.0,0x7f39c581f595b53c5cb19bd0b3f8da6c935e2ca0,31,2025-02-11 03:47:35
0x9a1cd28ce99e5328102c200724433b667ce557ec416a75ea02107fb14136c67c,21820691,1739245655,0x49d9409111a6363d82c4371ffa43faea660c917b,0x0b925ed163218f6662a35e0f0371ac234f9e9371,15000.0,0x7f39c581f595b53c5cb19bd0b3f8da6c935e2ca0,77,2025-02-11 03:47:35
0xf9965cfd923831e47ce7fd4458bd73fc54bab92b6358f80d3aa060ce4a6d30b5,21821290,1739252903,0x49d9409111a6363d82c4371ffa43faea660c917b,0x0b925ed163218f6662a35e0f0371ac234f9e9371,20000.0,0x7f39c581f595b53c5cb19bd0b3f8da6c935e2ca0,182,2025-02-11 05:48:23
0xf9965cfd923831e47ce7fd4458bd73fc54bab92b6358f80d3aa060ce4a6d30b5,21821290,1739252903,0xd6813390a28c8e3bc0dc838a346bd48f98b6da6f,0x49d9409111a6363d82c4371ffa43faea660c917b,20000.0,0x7f39c581f595b53c5cb19bd0b3f8da6c935e2ca0,178,2025-02-11 05:48:23
0xf9965cfd923831e47ce7fd4458bd73fc54bab92b6358f80d3aa060ce4a6d30b5,21821290,1739252903,0xc035a7cf15375ce2706766804551791ad035e0c2,0xd6813390a28c8e3bc0dc838a346bd48f98b6da6f,20000.0,0x7f39c581f595b53c5cb19bd0b3f8da6c935e2ca0,175,2025-02-11 05:48:23
0xf9965cfd923831e47ce7fd4458bd73fc54bab92b6358f80d3aa060ce4a6d30b5,21821290,1739252903,0xd6813390a28c8e3bc0dc838a346bd48f98b6da6f,0x0000000000000000000000000000000000000000,20000.0,0x7f39c581f595b53c5cb19bd0b3f8da6c935e2ca0,148,2025-02-11 05:48:23
0xf9965cfd923831e47ce7fd4458bd73fc54bab92b6358f80d3aa060ce4a6d30b5,21821290,1739252903,0x49d9409111a6363d82c4371ffa43faea660c917b,0xd6813390a28c8e3bc0dc838a346bd48f98b6da6f,20000.0,0x7f39c581f595b53c5cb19bd0b3f8da6c935e2ca0,146,2025-02-11 05:48:23
0xf9965cfd923831e47ce7fd4458bd73fc54bab92b6358f80d3aa060ce4a6d30b5,21821290,1739252903,0x0b925ed163218f6662a35e0f0371ac234f9e9371,0x49d9409111a6363d82c4371ffa43faea660c917b,20000.0,0x7f39c581f595b53c5cb19bd0b3f8da6c935e2ca0,145,2025-02-11 05:48:23
0x83bc37490f7d73666d3f98f8bfdc9079d5f91d5fb246fbb8c70540a72e793b7e,21821998,1739261423,0xac140648435d03f784879cd789130f22ef588fcd,0x07833eadf87cd3079da281395f2fba24b61f90f7,5.794627051268802,0x7f39c581f595b53c5cb19bd0b3f8da6c935e2ca0,446,2025-02-11 08:10:23
0xf964cae331ce969b999de0bfb8a9f05441c231ea462bd12bd6f0ae959b582eb3,21822868,1739271911,0x752a3bcda45c1b9c05b468235ba8e1951c3c6450,0xb13aa2d0345b0439b064f26b82d8dcf3f508775d,0.4102247918073997,0x7f39c581f595b53c5cb19bd0b3f8da6c935e2ca0,323,2025-02-11 11:05:11
0xf964cae331ce969b999de0bfb8a9f05441c231ea462bd12bd6f0ae959b582eb3,21822868,1739271911,0xb13aa2d0345b0439b064f26b82d8dcf3f508775d,0x0000000000000000000000000000000000000000,0.4102247918073997,0x7f39c581f595b53c5cb19bd0b3f8da6c935e2ca0,326,2025-02-11 11:05:11
0xa7eb7f5d830e2d12c0fd9c9313b2eb0c6e582c02db93c7507ce0e8bbf5be1deb,21834577,1739413643,0x0b925ed163218f6662a35e0f0371ac234f9e9371,0x49d9409111a6363d82c4371ffa43faea660c917b,9000.0,0x7f39c581f595b53c5cb19bd0b3f8da6c935e2ca0,49,2025-02-13 02:27:23
0xa7eb7f5d830e2d12c0fd9c9313b2eb0c6e582c02db93c7507ce0e8bbf5be1deb,21834577,1739413643,0x49d9409111a6363d82c4371ffa43faea660c917b,0xd6813390a28c8e3bc0dc838a346bd48f98b6da6f,9000.0,0x7f39c581f595b53c5cb19bd0b3f8da6c935e2ca0,50,2025-02-13 02:27:23
0xa7eb7f5d830e2d12c0fd9c9313b2eb0c6e582c02db93c7507ce0e8bbf5be1deb,21834577,1739413643,0xc035a7cf15375ce2706766804551791ad035e0c2,0xd6813390a28c8e3bc0dc838a346bd48f98b6da6f,9000.0,0x7f39c581f595b53c5cb19bd0b3f8da6c935e2ca0,88,2025-02-13 02:27:23
0xa7eb7f5d830e2d12c0fd9c9313b2eb0c6e582c02db93c7507ce0e8bbf5be1deb,21834577,1739413643,0x49d9409111a6363d82c4371ffa43faea660c917b,0x0b925ed163218f6662a35e0f0371ac234f9e9371,9000.0,0x7f39c581f595b53c5cb19bd0b3f8da6c935e2ca0,95,2025-02-13 02:27:23
0xa7eb7f5d830e2d12c0fd9c9313b2eb0c6e582c02db93c7507ce0e8bbf5be1deb,21834577,1739413643,0xd6813390a28c8e3bc0dc838a346bd48f98b6da6f,0x49d9409111a6363d82c4371ffa43faea660c917b,9000.0,0x7f39c581f595b53c5cb19bd0b3f8da6c935e2ca0,91,2025-02-13 02:27:23
0xa7eb7f5d830e2d12c0fd9c9313b2eb0c6e582c02db93c7507ce0e8bbf5be1deb,21834577,1739413643,0xd6813390a28c8e3bc0dc838a346bd48f98b6da6f,0x0000000000000000000000000000000000000000,9000.0,0x7f39c581f595b53c5cb19bd0b3f8da6c935e2ca0,52,2025-02-13 02:27:23
0x9b26f320504bd9a782dabe86de2f9bebbdcd010adf23249600112d9b4c112b7b,21843741,1739524487,0x07833eadf87cd3079da281395f2fba24b61f90f7,0x0000000000000000000000000000000000000000,586.3377066755183,0x7f39c581f595b53c5cb19bd0b3f8da6c935e2ca0,370,2025-02-14 09:14:47
0x9b26f320504bd9a782dabe86de2f9bebbdcd010adf23249600112d9b4c112b7b,21843741,1739524487,0xc035a7cf15375ce2706766804551791ad035e0c2,0x07833eadf87cd3079da281395f2fba24b61f90f7,586.3377066755183,0x7f39c581f595b53c5cb19bd0b3f8da6c935e2ca0,368,2025-02-14 09:14:47
0xe9db0bb28038ae2dfb5f279a03eebc8fae61b7fb9f5e94d30e77b3a7f0dee9a6,21862911,1739756699,0xc035a7cf15375ce2706766804551791ad035e0c2,0x07833eadf87cd3079da281395f2fba24b61f90f7,636.452500262361,0x7f39c581f595b53c5cb19bd0b3f8da6c935e2ca0,42,2025-02-17 01:44:59
0xe9db0bb28038ae2dfb5f279a03eebc8fae61b7fb9f5e94d30e77b3a7f0dee9a6,21862911,1739756699,0x07833eadf87cd3079da281395f2fba24b61f90f7,0x0000000000000000000000000000000000000000,636.452500262361,0x7f39c581f595b53c5cb19bd0b3f8da6c935e2ca0,44,2025-02-17 01:44:59
0x5f71c7bc9ccd62fbee0ad9734aaeaebb2143e7b342d7c1cbd5e6848bec543e58,21863151,1739759615,0x07833eadf87cd3079da281395f2fba24b61f90f7,0x0000000000000000000000000000000000000000,5.794627051268802,0x7f39c581f595b53c5cb19bd0b3f8da6c935e2ca0,126,2025-02-17 02:33:35
0xfd520c5aa72677f9853b25910ca88e807b00547a957d24487328c6dad8f91321,21871079,1739855399,0x07833eadf87cd3079da281395f2fba24b61f90f7,0x0000000000000000000000000000000000000000,686.6467595618474,0x7f39c581f595b53c5cb19bd0b3f8da6c935e2ca0,236,2025-02-18 05:09:59
0xfd520c5aa72677f9853b25910ca88e807b00547a957d24487328c6dad8f91321,21871079,1739855399,0xc035a7cf15375ce2706766804551791ad035e0c2,0x07833eadf87cd3079da281395f2fba24b61f90f7,686.6467595618474,0x7f39c581f595b53c5cb19bd0b3f8da6c935e2ca0,234,2025-02-18 05:09:59
0xe454be77b5f37de5f34511d2f277d82b1359458d88bf38ebb5968f9722131444,21878795,1739948591,0x07833eadf87cd3079da281395f2fba24b61f90f7,0x0000000000000000000000000000000000000000,745.2028674264676,0x7f39c581f595b53c5cb19bd0b3f8da6c935e2ca0,120,2025-02-19 07:03:11
0xe454be77b5f37de5f34511d2f277d82b1359458d88bf38ebb5968f9722131444,21878795,1739948591,0xc035a7cf15375ce2706766804551791ad035e0c2,0x07833eadf87cd3079da281395f2fba24b61f90f7,745.2028674264676,0x7f39c581f595b53c5cb19bd0b3f8da6c935e2ca0,118,2025-02-19 07:03:11
0xccfa650a260a66292e9390d836688a9a24100d83089ad7362887b056b25d0b41,21893029,1740120551,0x07833eadf87cd3079da281395f2fba24b61f90f7,0x0000000000000000000000000000000000000000,812.0649101086132,0x7f39c581f595b53c5cb19bd0b3f8da6c935e2ca0,60,2025-02-21 06:49:11
0xccfa650a260a66292e9390d836688a9a24100d83089ad7362887b056b25d0b41,21893029,1740120551,0xc035a7cf15375ce2706766804551791ad035e0c2,0x07833eadf87cd3079da281395f2fba24b61f90f7,812.0649101086132,0x7f39c581f595b53c5cb19bd0b3f8da6c935e2ca0,58,2025-02-21 06:49:11
0x676474a721c7caa92ba8f44b6f9469888853c4e73cb86365185c41b3e5e03298,21915413,1740390827,0x07833eadf87cd3079da281395f2fba24b61f90f7,0x0000000000000000000000000000000000000000,836.985731798728,0x7f39c581f595b53c5cb19bd0b3f8da6c935e2ca0,67,2025-02-24 09:53:47
0x676474a721c7caa92ba8f44b6f9469888853c4e73cb86365185c41b3e5e03298,21915413,1740390827,0xc035a7cf15375ce2706766804551791ad035e0c2,0x07833eadf87cd3079da281395f2fba24b61f90f7,836.985731798728,0x7f39c581f595b53c5cb19bd0b3f8da6c935e2ca0,65,2025-02-24 09:53:47
0x7f2965d2d704dcda2fe0ed696ec86393fe9e86878f77065df4f65ea6474a7c45,21935651,1740634931,0xc035a7cf15375ce2706766804551791ad035e0c2,0x07833eadf87cd3079da281395f2fba24b61f90f7,836.7592606505349,0x7f39c581f595b53c5cb19bd0b3f8da6c935e2ca0,222,2025-02-27 05:42:11
0x7f2965d2d704dcda2fe0ed696ec86393fe9e86878f77065df4f65ea6474a7c45,21935651,1740634931,0x07833eadf87cd3079da281395f2fba24b61f90f7,0x0000000000000000000000000000000000000000,836.7592606505349,0x7f39c581f595b53c5cb19bd0b3f8da6c935e2ca0,224,2025-02-27 05:42:11
0xf76d5e51ccd50fd39fbe1d937185d7234a2feb1bc18ad73e4c6b1743bfb888e9,21978193,1741147607,0x49d9409111a6363d82c4371ffa43faea660c917b,0x0b925ed163218f6662a35e0f0371ac234f9e9371,20000.0,0x7f39c581f595b53c5cb19bd0b3f8da6c935e2ca0,126,2025-03-05 04:06:47
0xf76d5e51ccd50fd39fbe1d937185d7234a2feb1bc18ad73e4c6b1743bfb888e9,21978193,1741147607,0xd6813390a28c8e3bc0dc838a346bd48f98b6da6f,0x49d9409111a6363d82c4371ffa43faea660c917b,20000.0,0x7f39c581f595b53c5cb19bd0b3f8da6c935e2ca0,122,2025-03-05 04:06:47
0xf76d5e51ccd50fd39fbe1d937185d7234a2feb1bc18ad73e4c6b1743bfb888e9,21978193,1741147607,0xc035a7cf15375ce2706766804551791ad035e0c2,0xd6813390a28c8e3bc0dc838a346bd48f98b6da6f,20000.0,0x7f39c581f595b53c5cb19bd0b3f8da6c935e2ca0,119,2025-03-05 04:06:47
0xf76d5e51ccd50fd39fbe1d937185d7234a2feb1bc18ad73e4c6b1743bfb888e9,21978193,1741147607,0xd6813390a28c8e3bc0dc838a346bd48f98b6da6f,0x0000000000000000000000000000000000000000,20000.0,0x7f39c581f595b53c5cb19bd0b3f8da6c935e2ca0,83,2025-03-05 04:06:47
0xf76d5e51ccd50fd39fbe1d937185d7234a2feb1bc18ad73e4c6b1743bfb888e9,21978193,1741147607,0x49d9409111a6363d82c4371ffa43faea660c917b,0xd6813390a28c8e3bc0dc838a346bd48f98b6da6f,20000.0,0x7f39c581f595b53c5cb19bd0b3f8da6c935e2ca0,81,2025-03-05 04:06:47
0xf76d5e51ccd50fd39fbe1d937185d7234a2feb1bc18ad73e4c6b1743bfb888e9,21978193,1741147607,0x0b925ed163218f6662a35e0f0371ac234f9e9371,0x49d9409111a6363d82c4371ffa43faea660c917b,20000.0,0x7f39c581f595b53c5cb19bd0b3f8da6c935e2ca0,80,2025-03-05 04:06:47
0x8601f2517118ee476003b8a2b625dcb0a499ee55888488123ffae03f4a4b9b75,22085242,1742439539,0xb13aa2d0345b0439b064f26b82d8dcf3f508775d,0x0000000000000000000000000000000000000000,8.3758,0x7f39c581f595b53c5cb19bd0b3f8da6c935e2ca0,484,2025-03-20 02:58:59
0x8601f2517118ee476003b8a2b625dcb0a499ee55888488123ffae03f4a4b9b75,22085242,1742439539,0xe1e3699917dcf44ef84f24e0855e3bc90b40d7ad,0xb13aa2d0345b0439b064f26b82d8dcf3f508775d,8.3758,0x7f39c581f595b53c5cb19bd0b3f8da6c935e2ca0,481,2025-03-20 02:58:59
0x742c64538a63be7ec48c1a71a19d0f3aff9ce8517ed7ee8c30d6c9484afe0ec6,22085271,1742439887,0xb13aa2d0345b0439b064f26b82d8dcf3f508775d,0x0000000000000000000000000000000000000000,38.5742,0x7f39c581f595b53c5cb19bd0b3f8da6c935e2ca0,297,2025-03-20 03:04:47
0x742c64538a63be7ec48c1a71a19d0f3aff9ce8517ed7ee8c30d6c9484afe0ec6,22085271,1742439887,0xe1e3699917dcf44ef84f24e0855e3bc90b40d7ad,0xb13aa2d0345b0439b064f26b82d8dcf3f508775d,38.5742,0x7f39c581f595b53c5cb19bd0b3f8da6c935e2ca0,294,2025-03-20 03:04:47
0xa3de49effc4f23783b1361e49be73b596c2b6618dd73bd0002eba12b0b94d8b6,22085296,1742440187,0xb13aa2d0345b0439b064f26b82d8dcf3f508775d,0x0000000000000000000000000000000000000000,4.1878,0x7f39c581f595b53c5cb19bd0b3f8da6c935e2ca0,199,2025-03-20 03:09:47
0xa3de49effc4f23783b1361e49be73b596c2b6618dd73bd0002eba12b0b94d8b6,22085296,1742440187,0xe1e3699917dcf44ef84f24e0855e3bc90b40d7ad,0xb13aa2d0345b0439b064f26b82d8dcf3f508775d,4.1878,0x7f39c581f595b53c5cb19bd0b3f8da6c935e2ca0,196,2025-03-20 03:09:47
0xc0e3e055382567930b656be16f9dcf8a1758954a87a38d88679ed10639745931,22156545,1743299351,0xb13aa2d0345b0439b064f26b82d8dcf3f508775d,0x0000000000000000000000000000000000000000,1.0053441090761208,0x7f39c581f595b53c5cb19bd0b3f8da6c935e2ca0,286,2025-03-30 01:49:11
0xc0e3e055382567930b656be16f9dcf8a1758954a87a38d88679ed10639745931,22156545,1743299351,0xcc991a02b8e254ca2de061ca84b5fb18a6138ba4,0xb13aa2d0345b0439b064f26b82d8dcf3f508775d,1.0053441090761208,0x7f39c581f595b53c5cb19bd0b3f8da6c935e2ca0,283,2025-03-30 01:49:11
0x5cfdfb524272d19026de683469a53c545eb19e139f16209d73962dd8e078c902,22182233,1743609047,0xb13aa2d0345b0439b064f26b82d8dcf3f508775d,0x0000000000000000000000000000000000000000,53.9351245423887,0x7f39c581f595b53c5cb19bd0b3f8da6c935e2ca0,607,2025-04-02 15:50:47
0x5cfdfb524272d19026de683469a53c545eb19e139f16209d73962dd8e078c902,22182233,1743609047,0x00cea1a93e13634f85d23546d970fb3c7c1a0b4e,0xb13aa2d0345b0439b064f26b82d8dcf3f508775d,53.9351245423887,0x7f39c581f595b53c5cb19bd0b3f8da6c935e2ca0,604,2025-04-02 15:50:47
0xab24955d5100fdf7556aaa7362e9aaf50076bc95d782ca3ad7d01679a415ccba,22192983,1743738707,0xd6813390a28c8e3bc0dc838a346bd48f98b6da6f,0xc035a7cf15375ce2706766804551791ad035e0c2,3479.8557311834675,0x7f39c581f595b53c5cb19bd0b3f8da6c935e2ca0,45,2025-04-04 03:51:47
0xab24955d5100fdf7556aaa7362e9aaf50076bc95d782ca3ad7d01679a415ccba,22192983,1743738707,0x0000000000000000000000000000000000000000,0xd6813390a28c8e3bc0dc838a346bd48f98b6da6f,3479.8557311834675,0x7f39c581f595b53c5cb19bd0b3f8da6c935e2ca0,38,2025-04-04 03:51:47
0xe0cf4030f0916a9dccb5885fe83b997fc4ec4371d093b897f9bd7f63366615a0,22193016,1743739103,0xd6813390a28c8e3bc0dc838a346bd48f98b6da6f,0xc035a7cf15375ce2706766804551791ad035e0c2,3915.2983109944553,0x7f39c581f595b53c5cb19bd0b3f8da6c935e2ca0,120,2025-04-04 03:58:23
0xe0cf4030f0916a9dccb5885fe83b997fc4ec4371d093b897f9bd7f63366615a0,22193016,1743739103,0x0000000000000000000000000000000000000000,0xd6813390a28c8e3bc0dc838a346bd48f98b6da6f,3915.2983109944553,0x7f39c581f595b53c5cb19bd0b3f8da6c935e2ca0,113,2025-04-04 03:58:23
0xfc25a154798fadf863296cf574e73b84cb9217ff100d3109c589f7e44343a558,22193036,1743739343,0xd6813390a28c8e3bc0dc838a346bd48f98b6da6f,0xc035a7cf15375ce2706766804551791ad035e0c2,4176.318198394086,0x7f39c581f595b53c5cb19bd0b3f8da6c935e2ca0,29,2025-04-04 04:02:23
0xfc25a154798fadf863296cf574e73b84cb9217ff100d3109c589f7e44343a558,22193036,1743739343,0x0000000000000000000000000000000000000000,0xd6813390a28c8e3bc0dc838a346bd48f98b6da6f,4176.318198394086,0x7f39c581f595b53c5cb19bd0b3f8da6c935e2ca0,22,2025-04-04 04:02:23
0x7b1b32a490eb88873015efd6c5b673c8ecac2aa2de9dcdcb489187e4ea294c1d,22193051,1743739523,0x0000000000000000000000000000000000000000,0xd6813390a28c8e3bc0dc838a346bd48f98b6da6f,648.8851732932434,0x7f39c581f595b53c5cb19bd0b3f8da6c935e2ca0,83,2025-04-04 04:05:23
0x7b1b32a490eb88873015efd6c5b673c8ecac2aa2de9dcdcb489187e4ea294c1d,22193051,1743739523,0xd6813390a28c8e3bc0dc838a346bd48f98b6da6f,0xc035a7cf15375ce2706766804551791ad035e0c2,648.8851732932434,0x7f39c581f595b53c5cb19bd0b3f8da6c935e2ca0,90,2025-04-04 04:05:23
0x0ae68440a7a114727d7b4f5a94807fdb07b01089035fae869a721d9fd6c10f3e,22193078,1743739847,0xd6813390a28c8e3bc0dc838a346bd48f98b6da6f,0x49d9409111a6363d82c4371ffa43faea660c917b,12214.7159,0x7f39c581f595b53c5cb19bd0b3f8da6c935e2ca0,40,2025-04-04 04:10:47
0x0ae68440a7a114727d7b4f5a94807fdb07b01089035fae869a721d9fd6c10f3e,22193078,1743739847,0x0b925ed163218f6662a35e0f0371ac234f9e9371,0x49d9409111a6363d82c4371ffa43faea660c917b,12214.7159,0x7f39c581f595b53c5cb19bd0b3f8da6c935e2ca0,8,2025-04-04 04:10:47
0x0ae68440a7a114727d7b4f5a94807fdb07b01089035fae869a721d9fd6c10f3e,22193078,1743739847,0x49d9409111a6363d82c4371ffa43faea660c917b,0xd6813390a28c8e3bc0dc838a346bd48f98b6da6f,12214.7159,0x7f39c581f595b53c5cb19bd0b3f8da6c935e2ca0,9,2025-04-04 04:10:47
0x0ae68440a7a114727d7b4f5a94807fdb07b01089035fae869a721d9fd6c10f3e,22193078,1743739847,0xd6813390a28c8e3bc0dc838a346bd48f98b6da6f,0x0000000000000000000000000000000000000000,12214.7159,0x7f39c581f595b53c5cb19bd0b3f8da6c935e2ca0,11,2025-04-04 04:10:47
0x0ae68440a7a114727d7b4f5a94807fdb07b01089035fae869a721d9fd6c10f3e,22193078,1743739847,0xc035a7cf15375ce2706766804551791ad035e0c2,0xd6813390a28c8e3bc0dc838a346bd48f98b6da6f,12214.7159,0x7f39c581f595b53c5cb19bd0b3f8da6c935e2ca0,37,2025-04-04 04:10:47
0x0ae68440a7a114727d7b4f5a94807fdb07b01089035fae869a721d9fd6c10f3e,22193078,1743739847,0x49d9409111a6363d82c4371ffa43faea660c917b,0x0b925ed163218f6662a35e0f0371ac234f9e9371,12214.7159,0x7f39c581f595b53c5cb19bd0b3f8da6c935e2ca0,44,2025-04-04 04:10:47
0x785b58d29dfc39568bfb4488507fc45e6f901545dfa228ae32acb01b167ab38f,22193159,1743740819,0xd6813390a28c8e3bc0dc838a346bd48f98b6da6f,0x0000000000000000000000000000000000000000,6800.0,0x7f39c581f595b53c5cb19bd0b3f8da6c935e2ca0,82,2025-04-04 04:26:59
0x785b58d29dfc39568bfb4488507fc45e6f901545dfa228ae32acb01b167ab38f,22193159,1743740819,0xc035a7cf15375ce2706766804551791ad035e0c2,0xd6813390a28c8e3bc0dc838a346bd48f98b6da6f,6800.0,0x7f39c581f595b53c5cb19bd0b3f8da6c935e2ca0,118,2025-04-04 04:26:59
0x785b58d29dfc39568bfb4488507fc45e6f901545dfa228ae32acb01b167ab38f,22193159,1743740819,0xd6813390a28c8e3bc0dc838a346bd48f98b6da6f,0x49d9409111a6363d82c4371ffa43faea660c917b,6800.0,0x7f39c581f595b53c5cb19bd0b3f8da6c935e2ca0,121,2025-04-04 04:26:59
0x785b58d29dfc39568bfb4488507fc45e6f901545dfa228ae32acb01b167ab38f,22193159,1743740819,0x49d9409111a6363d82c4371ffa43faea660c917b,0x0b925ed163218f6662a35e0f0371ac234f9e9371,6800.0,0x7f39c581f595b53c5cb19bd0b3f8da6c935e2ca0,125,2025-04-04 04:26:59
0x785b58d29dfc39568bfb4488507fc45e6f901545dfa228ae32acb01b167ab38f,22193159,1743740819,0x0b925ed163218f6662a35e0f0371ac234f9e9371,0x49d9409111a6363d82c4371ffa43faea660c917b,6800.0,0x7f39c581f595b53c5cb19bd0b3f8da6c935e2ca0,79,2025-04-04 04:26:59
0x785b58d29dfc39568bfb4488507fc45e6f901545dfa228ae32acb01b167ab38f,22193159,1743740819,0x49d9409111a6363d82c4371ffa43faea660c917b,0xd6813390a28c8e3bc0dc838a346bd48f98b6da6f,6800.0,0x7f39c581f595b53c5cb19bd0b3f8da6c935e2ca0,80,2025-04-04 04:26:59
0xeb363a7da4aea2871bdb25a7a06a2112f4622eb1a53597e7c9b3f86419585697,22202493,1743853451,0xc035a7cf15375ce2706766804551791ad035e0c2,0x07833eadf87cd3079da281395f2fba24b61f90f7,568.7025039398205,0x7f39c581f595b53c5cb19bd0b3f8da6c935e2ca0,30,2025-04-05 11:44:11
0xeb363a7da4aea2871bdb25a7a06a2112f4622eb1a53597e7c9b3f86419585697,22202493,1743853451,0x07833eadf87cd3079da281395f2fba24b61f90f7,0x0000000000000000000000000000000000000000,568.7025039398205,0x7f39c581f595b53c5cb19bd0b3f8da6c935e2ca0,32,2025-04-05 11:44:11
0xd87f8769a95ef4a4dbe2873283d3b66cdac0b306a8d2568d694a54951320c6f4,22229588,1744180499,0xc035a7cf15375ce2706766804551791ad035e0c2,0x07833eadf87cd3079da281395f2fba24b61f90f7,1070.2695038571107,0x7f39c581f595b53c5cb19bd0b3f8da6c935e2ca0,278,2025-04-09 06:34:59
0xd87f8769a95ef4a4dbe2873283d3b66cdac0b306a8d2568d694a54951320c6f4,22229588,1744180499,0x07833eadf87cd3079da281395f2fba24b61f90f7,0x0000000000000000000000000000000000000000,1070.2695038571107,0x7f39c581f595b53c5cb19bd0b3f8da6c935e2ca0,280,2025-04-09 06:34:59
0xf2eac212a1244271c8583c3b24e0214579e74a1269f9f20b90f06a9ac9a92912,22235568,1744252511,0x49d9409111a6363d82c4371ffa43faea660c917b,0x0b925ed163218f6662a35e0f0371ac234f9e9371,7200.0,0x7f39c581f595b53c5cb19bd0b3f8da6c935e2ca0,61,2025-04-10 02:35:11
0xf2eac212a1244271c8583c3b24e0214579e74a1269f9f20b90f06a9ac9a92912,22235568,1744252511,0xd6813390a28c8e3bc0dc838a346bd48f98b6da6f,0x49d9409111a6363d82c4371ffa43faea660c917b,7200.0,0x7f39c581f595b53c5cb19bd0b3f8da6c935e2ca0,57,2025-04-10 02:35:11
0xf2eac212a1244271c8583c3b24e0214579e74a1269f9f20b90f06a9ac9a92912,22235568,1744252511,0xc035a7cf15375ce2706766804551791ad035e0c2,0xd6813390a28c8e3bc0dc838a346bd48f98b6da6f,7200.0,0x7f39c581f595b53c5cb19bd0b3f8da6c935e2ca0,54,2025-04-10 02:35:11
0xf2eac212a1244271c8583c3b24e0214579e74a1269f9f20b90f06a9ac9a92912,22235568,1744252511,0xd6813390a28c8e3bc0dc838a346bd48f98b6da6f,0x0000000000000000000000000000000000000000,7200.0,0x7f39c581f595b53c5cb19bd0b3f8da6c935e2ca0,18,2025-04-10 02:35:11
0xf2eac212a1244271c8583c3b24e0214579e74a1269f9f20b90f06a9ac9a92912,22235568,1744252511,0x0b925ed163218f6662a35e0f0371ac234f9e9371,0x49d9409111a6363d82c4371ffa43faea660c917b,7200.0,0x7f39c581f595b53c5cb19bd0b3f8da6c935e2ca0,15,2025-04-10 02:35:11
0xf2eac212a1244271c8583c3b24e0214579e74a1269f9f20b90f06a9ac9a92912,22235568,1744252511,0x49d9409111a6363d82c4371ffa43faea660c917b,0xd6813390a28c8e3bc0dc838a346bd48f98b6da6f,7200.0,0x7f39c581f595b53c5cb19bd0b3f8da6c935e2ca0,16,2025-04-10 02:35:11
